세종특별자치시,어진동,단독/다가구,22.74,0,40,500,0000
세종특별자치시,어진동,단독/다가구,18.03,0,53,500,0000
세종특별자치시,아름동,단독/다가구,84.98,0,50,12000,0000
세종특별자치시,도담동,단독/다가구,20.17,0,0,9600,0000
세종특별자치시,도담동,단독/다가구,192.5,0,0,70000,2017
세종특별자치시,도담동,단독/다가구,192.5,0,0,70000,2017
세종특별자치시,조치원읍 평리,단독/다가구,40,0,0,8000,1997
세종특별자치시,조치원읍 평리,단독/다가구,40,0,0,9000,1997
세종특별자치시,조치원읍 교리,단독/다가구,40,0,0,6500,2013
세종특별자치시,조치원읍 교리,단독/다가구,45,0,27,100,2005
세종특별자치시,조치원읍 교리,단독/다가구,53.19,0,0,5000,1970
세종특별자치시,조치원읍 교리,단독/다가구,40,0,0,6500,2017
세종특별자치시,조치원읍 교리,단독/다가구,30,0,0,4000,2014
세종특별자치시,조치원읍 명리,단독/다가구,36,0,36,300,2014
세종특별자치시,조치원읍 남리,단독/다가구,60,0,0,16000,2017
세종특별자치시,조치원읍 남리,단독/다가구,33,0,0,5000,2012
세종특별자치시,조치원읍 남리,단독/다가구,30,0,40,300,2002
세종특별자치시,조치원읍 남리,단독/다가구,30,0,40,300,2002
세종특별자치시,조치원읍 남리,단독/다가구,27,0,0,4500,2014
세종특별자치시,조치원읍 침산리,단독/다가구,25,0,33,20,2011
세종특별자치시,조치원읍 침산리,단독/다가구,21,0,0,7500,2013
세종특별자치시,조치원읍 침산리,단독/다가구,40,0,0,8000,2013
세종특별자치시,조치원읍 침산리,단독/다가구,60,0,0,7350,2013
세종특별자치시,조치원읍 침산리,단독/다가구,45,0,0,7000,2014
세종특별자치시,조치원읍 침산리,단독/다가구,55,0,0,3000,2012
세종특별자치시,조치원읍 침산리,단독/다가구,25,0,0,3000,2013
세종특별자치시,조치원읍 침산리,단독/다가구,32.6,0,47,300,2008
세종특별자치시,조치원읍 침산리,단독/다가구,35,0,0,5500,2013
세종특별자치시,조치원읍 침산리,단독/다가구,23.88,0,0,4000,2013
세종특별자치시,조치원읍 침산리,단독/다가구,26,0,28,100,2006
세종특별자치시,조치원읍 침산리,단독/다가구,22,0,30,200,2012
세종특별자치시,조치원읍 침산리,단독/다가구,38.1,0,0,6000,0000
세종특별자치시,조치원읍 침산리,단독/다가구,38.1,0,0,6000,2014
세종특별자치시,조치원읍 침산리,단독/다가구,80,0,0,10000,2013
세종특별자치시,조치원읍 침산리,단독/다가구,40,0,50,300,2014
세종특별자치시,조치원읍 침산리,단독/다가구,23,0,0,4000,2011
세종특별자치시,조치원읍 침산리,단독/다가구,30,0,40,500,2012
세종특별자치시,조치원읍 침산리,단독/다가구,55,0,0,3500,2012
세종특별자치시,조치원읍 침산리,단독/다가구,29,0,0,4000,2013
세종특별자치시,조치원읍 침산리,단독/다가구,23,0,33,200,2014
세종특별자치시,조치원읍 침산리,단독/다가구,21,0,0,4000,2013
세종특별자치시,조치원읍 침산리,단독/다가구,29,0,40,200,2012
세종특별자치시,조치원읍 침산리,단독/다가구,60,0,0,8000,2013
세종특별자치시,조치원읍 침산리,단독/다가구,29,0,40,0,2014
세종특별자치시,조치원읍 침산리,단독/다가구,22,0,30,200,2013
세종특별자치시,조치원읍 침산리,단독/다가구,35,0,35,300,2011
세종특별자치시,조치원읍 침산리,단독/다가구,36.3,0,39,300,2012
세종특별자치시,조치원읍 침산리,단독/다가구,23,0,0,6000,2014
세종특별자치시,조치원읍 침산리,단독/다가구,25,0,0,4000,2013
세종특별자치시,조치원읍 침산리,단독/다가구,21,0,30,100,2008
세종특별자치시,조치원읍 침산리,단독/다가구,40,0,42,300,2011
세종특별자치시,조치원읍 침산리,단독/다가구,22,0,30,200,2013
세종특별자치시,조치원읍 죽림리,단독/다가구,40,0,0,10000,2012
세종특별자치시,조치원읍 죽림리,단독/다가구,40,0,50,500,2012
세종특별자치시,조치원읍 죽림리,단독/다가구,25,0,30,300,2003
세종특별자치시,조치원읍 죽림리,단독/다가구,40,0,49,5000,2012
세종특별자치시,조치원읍 죽림리,단독/다가구,60,0,70,2000,1976
세종특별자치시,조치원읍 신안리,단독/다가구,20,0,0,7000,2019
세종특별자치시,조치원읍 신안리,단독/다가구,21.45,0,0,3000,1996
세종특별자치시,조치원읍 신안리,단독/다가구,83.3,0,0,20000,0000
세종특별자치시,조치원읍 신안리,단독/다가구,21,0,36,20,2002
세종특별자치시,조치원읍 신안리,단독/다가구,24,0,0,9000,2016
세종특별자치시,조치원읍 신안리,단독/다가구,30,0,0,6500,2013
세종특별자치시,조치원읍 신안리,단독/다가구,23.1,0,0,5000,2015
세종특별자치시,조치원읍 신안리,단독/다가구,20,0,0,7000,2003
세종특별자치시,조치원읍 신안리,단독/다가구,22,0,0,3500,1997
세종특별자치시,조치원읍 신안리,단독/다가구,19.8,0,0,3000,1991
세종특별자치시,조치원읍 신안리,단독/다가구,22,0,0,3500,1997
세종특별자치시,조치원읍 신안리,단독/다가구,19.8,0,0,5000,2015
세종특별자치시,조치원읍 신안리,단독/다가구,25,0,0,4500,2006
세종특별자치시,조치원읍 신안리,단독/다가구,20,0,0,5000,0000
세종특별자치시,조치원읍 신안리,단독/다가구,28,0,0,5000,2010
세종특별자치시,조치원읍 신안리,단독/다가구,36.3,0,38,30,2012
세종특별자치시,조치원읍 신안리,단독/다가구,21.45,0,0,3000,1996
세종특별자치시,조치원읍 신안리,단독/다가구,25,0,0,5000,2018
세종특별자치시,조치원읍 신안리,단독/다가구,22,0,0,5000,2003
세종특별자치시,조치원읍 신안리,단독/다가구,25,0,0,7000,2018
세종특별자치시,조치원읍 신안리,단독/다가구,20,0,0,5000,2015
세종특별자치시,조치원읍 신안리,단독/다가구,25,0,35,30,1998
세종특별자치시,조치원읍 신안리,단독/다가구,26.4,0,0,5000,2014
세종특별자치시,조치원읍 서창리,단독/다가구,18,0,0,5000,2017
세종특별자치시,조치원읍 서창리,단독/다가구,19.62,0,0,5000,1999
세종특별자치시,조치원읍 서창리,단독/다가구,25,0,46,300,2020
세종특별자치시,조치원읍 서창리,단독/다가구,26.42,0,0,3500,2011
세종특별자치시,조치원읍 서창리,단독/다가구,46,0,30,5000,2007
세종특별자치시,조치원읍 서창리,단독/다가구,20,0,0,5000,2014
세종특별자치시,조치원읍 서창리,단독/다가구,25,0,0,5000,2014
세종특별자치시,조치원읍 서창리,단독/다가구,25,0,0,5000,2014
세종특별자치시,조치원읍 서창리,단독/다가구,18.18,0,42,30,2020
세종특별자치시,조치원읍 서창리,단독/다가구,20,0,20,30,1996
세종특별자치시,조치원읍 서창리,단독/다가구,23,0,0,4500,2002
세종특별자치시,조치원읍 서창리,단독/다가구,26,0,0,5000,2014
세종특별자치시,조치원읍 서창리,단독/다가구,18,0,0,4500,2017
세종특별자치시,조치원읍 서창리,단독/다가구,18,0,0,4000,2017
세종특별자치시,조치원읍 서창리,단독/다가구,18,0,0,4000,2017
세종특별자치시,조치원읍 서창리,단독/다가구,23.1,0,0,3500,2012
세종특별자치시,조치원읍 서창리,단독/다가구,25,0,0,9500,2020
세종특별자치시,조치원읍 서창리,단독/다가구,60,0,0,12000,2018
세종특별자치시,연기면 연기리,단독/다가구,35,0,41,200,2014
세종특별자치시,연기면 연기리,단독/다가구,54.09,0,0,9000,2013
세종특별자치시,연기면 보통리,단독/다가구,33,0,33,300,2013
세종특별자치시,연기면 보통리,단독/다가구,25,0,32,200,2014
세종특별자치시,연기면 보통리,단독/다가구,23.1,0,0,6000,2014
세종특별자치시,연기면 보통리,단독/다가구,45.1,0,0,15000,2021
세종특별자치시,연기면 보통리,단독/다가구,25,0,0,6000,2014
세종특별자치시,연기면 보통리,단독/다가구,45,0,30,6000,2013
세종특별자치시,연기면 보통리,단독/다가구,33,0,40,200,2013
세종특별자치시,연기면 보통리,단독/다가구,26.63,0,43,1000,2021
세종특별자치시,연기면 보통리,단독/다가구,23.63,0,0,8000,2021
세종특별자치시,연기면 보통리,단독/다가구,33,0,0,5250,2014
세종특별자치시,연기면 보통리,단독/다가구,21,0,0,4000,2014
세종특별자치시,연기면 보통리,단독/다가구,21,0,0,4000,0000
세종특별자치시,부강면 부강리,단독/다가구,45,0,45,300,2011
세종특별자치시,부강면 부강리,단독/다가구,20,0,42,200,2021
세종특별자치시,부강면 부강리,단독/다가구,39.6,0,45,150,2011
세종특별자치시,부강면 부강리,단독/다가구,39.6,0,45,150,2011
세종특별자치시,부강면 부강리,단독/다가구,20,0,32,200,2013
세종특별자치시,부강면 부강리,단독/다가구,48,0,0,5000,2017
세종특별자치시,부강면 부강리,단독/다가구,20,0,32,200,2013
세종특별자치시,부강면 부강리,단독/다가구,45,0,50,500,2013
세종특별자치시,부강면 부강리,단독/다가구,20,0,0,3000,2013
세종특별자치시,부강면 부강리,단독/다가구,20,0,32,200,2013
세종특별자치시,부강면 부강리,단독/다가구,39,0,0,4900,2017
세종특별자치시,부강면 부강리,단독/다가구,45,0,50,300,2013
세종특별자치시,부강면 부강리,단독/다가구,20,0,33,100,2013
세종특별자치시,부강면 부강리,단독/다가구,50,0,0,8000,2013
세종특별자치시,부강면 부강리,단독/다가구,20,0,32,200,2013
세종특별자치시,금남면 용포리,단독/다가구,23,0,38,200,2013
세종특별자치시,금남면 용포리,단독/다가구,28,0,32,200,2012
세종특별자치시,금남면 용포리,단독/다가구,25,0,41,200,2013
세종특별자치시,금남면 용포리,단독/다가구,23,0,38,200,2013
세종특별자치시,금남면 용포리,단독/다가구,25,0,41,200,2013
세종특별자치시,금남면 용포리,단독/다가구,28,0,33,200,2012
세종특별자치시,금남면 용포리,단독/다가구,28,0,38,200,2012
세종특별자치시,금남면 용포리,단독/다가구,82,0,80,500,2012
세종특별자치시,금남면 용포리,단독/다가구,33,0,0,8000,2014
세종특별자치시,금남면 용포리,단독/다가구,21,0,37,200,2013
세종특별자치시,금남면 용포리,단독/다가구,23,0,39,200,2012
세종특별자치시,금남면 용포리,단독/다가구,25,0,35,200,2012
세종특별자치시,금남면 용포리,단독/다가구,35,0,0,6000,2012
세종특별자치시,금남면 용포리,단독/다가구,35,0,50,300,2012
세종특별자치시,금남면 용포리,단독/다가구,28,0,47,300,2013
세종특별자치시,금남면 용포리,단독/다가구,21,0,45,300,2014
세종특별자치시,금남면 용포리,단독/다가구,33,0,47,300,2013
세종특별자치시,금남면 성덕리,단독/다가구,91.03,0,60,2000,2013
세종특별자치시,장군면 도계리,단독/다가구,23,0,0,3000,2014
세종특별자치시,장군면 도계리,단독/다가구,38,0,0,6000,2014
세종특별자치시,장군면 도계리,단독/다가구,20,0,30,100,2015
세종특별자치시,장군면 도계리,단독/다가구,33,0,0,4300,2014
세종특별자치시,장군면 도계리,단독/다가구,49,0,0,8500,2015
세종특별자치시,장군면 도계리,단독/다가구,24,0,0,4000,2014
세종특별자치시,장군면 대교리,단독/다가구,70.93,0,49,1000,2017
세종특별자치시,장군면 대교리,단독/다가구,43,0,0,7000,2013
세종특별자치시,장군면 대교리,단독/다가구,49.5,0,30,300,2021
세종특별자치시,장군면 대교리,단독/다가구,18,0,25,50,2012
세종특별자치시,장군면 봉안리,단독/다가구,48,0,53,500,2013
세종특별자치시,장군면 봉안리,단독/다가구,49.58,0,66,300,2014
세종특별자치시,장군면 봉안리,단독/다가구,22,0,32,200,2013
세종특별자치시,장군면 봉안리,단독/다가구,22,0,0,4500,2013
세종특별자치시,장군면 봉안리,단독/다가구,25,0,35,300,2015
세종특별자치시,장군면 봉안리,단독/다가구,20,0,35,300,2015
세종특별자치시,장군면 봉안리,단독/다가구,79,0,0,15000,2014
세종특별자치시,장군면 봉안리,단독/다가구,48,0,0,6000,2013
세종특별자치시,장군면 봉안리,단독/다가구,48,0,0,6500,2013
세종특별자치시,장군면 봉안리,단독/다가구,22,0,0,4000,2014
세종특별자치시,장군면 봉안리,단독/다가구,20,0,35,300,2017
세종특별자치시,장군면 봉안리,단독/다가구,33,0,45,500,2013
세종특별자치시,장군면 봉안리,단독/다가구,48,0,57,500,2016
세종특별자치시,장군면 봉안리,단독/다가구,20,0,40,200,2014
세종특별자치시,장군면 봉안리,단독/다가구,59,0,0,8000,2012
세종특별자치시,장군면 봉안리,단독/다가구,28,0,35,300,2012
세종특별자치시,장군면 봉안리,단독/다가구,25,0,25,2000,2014
세종특별자치시,장군면 봉안리,단독/다가구,46,0,55,500,2014
세종특별자치시,장군면 봉안리,단독/다가구,22,0,32,200,2016
세종특별자치시,장군면 봉안리,단독/다가구,36,0,45,200,2017
세종특별자치시,장군면 봉안리,단독/다가구,28,0,37,200,2016
세종특별자치시,장군면 봉안리,단독/다가구,20,0,18,1200,2014
세종특별자치시,장군면 봉안리,단독/다가구,20,0,18,1200,2014
세종특별자치시,장군면 봉안리,단독/다가구,22,0,0,4500,2013
세종특별자치시,장군면 봉안리,단독/다가구,50,0,30,500,2014
세종특별자치시,장군면 금암리,단독/다가구,18,0,0,3000,2011
세종특별자치시,장군면 금암리,단독/다가구,76.78,0,0,25000,2016
세종특별자치시,장군면 하봉리,단독/다가구,35,0,45,1000,2014
세종특별자치시,장군면 은용리,단독/다가구,20,0,0,3500,2013
세종특별자치시,장군면 은용리,단독/다가구,25,0,0,4500,2013
세종특별자치시,장군면 은용리,단독/다가구,20,0,30,100,2013
세종특별자치시,장군면 용현리,단독/다가구,74.28,0,0,10500,1926
세종특별자치시,연서면 봉암리,단독/다가구,24,0,36,200,2013
세종특별자치시,연서면 봉암리,단독/다가구,83.68,0,0,10000,1979
세종특별자치시,연서면 봉암리,단독/다가구,24,0,28,200,0000
세종특별자치시,소담동,펠리체타워2,22.285,7,41,500,2017
세종특별자치시,소담동,퍼스트시티,26.19,8,0,10000,2016
세종특별자치시,보람동,스타힐타워Ⅰ,21.6349,5,0,10000,2016
세종특별자치시,보람동,스타힐타워Ⅰ,26.5949,6,0,12000,2016
세종특별자치시,보람동,스타힐타워Ⅱ,26.5949,5,47,500,2016
세종특별자치시,보람동,스타힐타워Ⅱ,26.5949,5,47,500,2016
세종특별자치시,보람동,스타힐타워Ⅰ,21.6349,8,50,300,2016
세종특별자치시,보람동,스타힐타워Ⅰ,22.0599,8,46,500,2016
세종특별자치시,보람동,스타힐타워Ⅱ,21.6349,6,47,1000,2016
세종특별자치시,보람동,스타힐타워Ⅰ,16.9849,7,45,300,2016
세종특별자치시,보람동,스타힐타워Ⅰ,16.9849,7,0,8800,2016
세종특별자치시,보람동,스타힐타워Ⅰ,16.9849,7,0,8800,2016
세종특별자치시,보람동,스타힐타워Ⅰ,21.6349,7,50,300,2016
세종특별자치시,도담동,까사누보,33.418,4,55,500,2015
세종특별자치시,도담동,까사누보,22.686,6,0,10500,2015
세종특별자치시,도담동,까사누보,21.422,6,45,500,2015
세종특별자치시,도담동,까사누보,21.422,5,55,500,2015
세종특별자치시,도담동,까사누보,22.686,6,37,1500,2015
세종특별자치시,도담동,까사누보,21.422,4,0,10500,2015
세종특별자치시,조치원읍 정리,세진시티빌,16.661,2,0,4000,2015
세종특별자치시,조치원읍 신흥리,주공연립,55.35,3,0,10000,1984
세종특별자치시,부강면 부강리,TrueLight-A,43.5855,2,75,1000,2020
세종특별자치시,부강면 부강리,TrueLight-B,47.6678,4,50,4000,2020
세종특별자치시,부강면 문곡리,청림맨숀,72.2,1,90,500,2018
세종특별자치시,부강면 문곡리,청림맨숀,72.8,4,90,500,2018
세종특별자치시,부강면 문곡리,청림맨숀,72.2,2,90,500,2018
세종특별자치시,부강면 문곡리,청림맨숀,72.2,4,90,500,2018
세종특별자치시,전의면 관정리,"정원빌리지(105,106동)",54.21,3,0,4000,2010
세종특별자치시,도담동,단독/다가구,165.83,0,0,42000,2019
세종특별자치시,도담동,단독/다가구,19.17,0,50,500,0000
세종특별자치시,도담동,단독/다가구,27.6,0,53,500,0000
세종특별자치시,조치원읍 원리,단독/다가구,12.22,0,0,6000,0000
세종특별자치시,조치원읍 평리,단독/다가구,34,0,33,200,2014
세종특별자치시,조치원읍 평리,단독/다가구,40,0,0,9000,1997
세종특별자치시,조치원읍 평리,단독/다가구,30,0,42,300,0000
세종특별자치시,조치원읍 평리,단독/다가구,50,0,50,500,2014
세종특별자치시,조치원읍 교리,단독/다가구,21,0,30,300,2014
세종특별자치시,조치원읍 교리,단독/다가구,30,0,35,300,2017
세종특별자치시,조치원읍 명리,단독/다가구,20,0,0,4000,2014
세종특별자치시,조치원읍 남리,단독/다가구,60,0,0,4500,1991
세종특별자치시,조치원읍 남리,단독/다가구,50,0,0,18000,2019
세종특별자치시,조치원읍 남리,단독/다가구,28,0,40,300,2002
세종특별자치시,조치원읍 남리,단독/다가구,15,0,25,100,2002
세종특별자치시,조치원읍 남리,단독/다가구,60,0,70,1000,2017
세종특별자치시,조치원읍 남리,단독/다가구,49.56,0,0,5000,1998
세종특별자치시,조치원읍 침산리,단독/다가구,55,0,0,7000,2012
세종특별자치시,조치원읍 침산리,단독/다가구,24,0,0,4000,2013
세종특별자치시,조치원읍 침산리,단독/다가구,50,0,0,7500,0000
세종특별자치시,조치원읍 침산리,단독/다가구,27,0,32,50,2013
세종특별자치시,조치원읍 침산리,단독/다가구,29,0,33,200,2013
세종특별자치시,조치원읍 침산리,단독/다가구,24,0,0,4000,2013
세종특별자치시,조치원읍 침산리,단독/다가구,23,0,0,4000,2012
세종특별자치시,조치원읍 침산리,단독/다가구,25,0,33,200,2013
세종특별자치시,조치원읍 침산리,단독/다가구,25,0,33,200,2013
세종특별자치시,조치원읍 침산리,단독/다가구,33,0,30,200,2012
세종특별자치시,조치원읍 침산리,단독/다가구,40,0,0,6000,2013
세종특별자치시,조치원읍 침산리,단독/다가구,40,0,0,6000,2013
세종특별자치시,조치원읍 침산리,단독/다가구,33,0,0,8000,2012
세종특별자치시,조치원읍 침산리,단독/다가구,24,0,0,3000,2014
세종특별자치시,조치원읍 침산리,단독/다가구,49,0,45,500,2013
세종특별자치시,조치원읍 침산리,단독/다가구,25,0,35,200,2014
세종특별자치시,조치원읍 침산리,단독/다가구,40,0,45,500,2012
세종특별자치시,조치원읍 침산리,단독/다가구,23,0,0,4000,2013
세종특별자치시,조치원읍 침산리,단독/다가구,95,0,0,13000,2013
세종특별자치시,조치원읍 침산리,단독/다가구,25,0,0,5000,2013
세종특별자치시,조치원읍 침산리,단독/다가구,25,0,0,4000,2013
세종특별자치시,조치원읍 침산리,단독/다가구,29,0,30,200,2013
세종특별자치시,조치원읍 침산리,단독/다가구,30,0,43,300,2014
세종특별자치시,조치원읍 침산리,단독/다가구,21,0,30,200,2013
세종특별자치시,조치원읍 침산리,단독/다가구,22,0,0,6000,2016
세종특별자치시,조치원읍 침산리,단독/다가구,70,0,0,11000,2014
세종특별자치시,조치원읍 침산리,단독/다가구,25,0,28,200,2016
세종특별자치시,조치원읍 침산리,단독/다가구,49,0,33,200,2014
세종특별자치시,조치원읍 침산리,단독/다가구,70,0,0,11000,2014
세종특별자치시,조치원읍 침산리,단독/다가구,25,0,38,200,2014
세종특별자치시,조치원읍 침산리,단독/다가구,20,0,30,200,2013
세종특별자치시,조치원읍 침산리,단독/다가구,25,0,0,4000,2013
세종특별자치시,조치원읍 침산리,단독/다가구,25,0,38,200,2013
세종특별자치시,조치원읍 침산리,단독/다가구,27,0,18,2000,2012
세종특별자치시,조치원읍 침산리,단독/다가구,40,0,40,200,2014
세종특별자치시,조치원읍 침산리,단독/다가구,45,0,0,6000,2013
세종특별자치시,조치원읍 침산리,단독/다가구,28,0,0,4000,2013
세종특별자치시,조치원읍 침산리,단독/다가구,25,0,30,100,2013
세종특별자치시,조치원읍 침산리,단독/다가구,24,0,0,7000,2013
세종특별자치시,조치원읍 침산리,단독/다가구,40,0,0,4500,2013
세종특별자치시,조치원읍 신흥리,단독/다가구,156.15,0,0,10000,1993
세종특별자치시,조치원읍 신흥리,단독/다가구,156.15,0,0,10000,1993
세종특별자치시,조치원읍 신흥리,단독/다가구,40.26,0,40,500,1922
세종특별자치시,조치원읍 죽림리,단독/다가구,35,0,40,500,2013
세종특별자치시,조치원읍 죽림리,단독/다가구,45,0,50,500,2013
세종특별자치시,조치원읍 번암리,단독/다가구,20,0,29,300,2014
세종특별자치시,조치원읍 신안리,단독/다가구,21,0,0,6000,2019
세종특별자치시,조치원읍 신안리,단독/다가구,25,0,0,5500,1998
세종특별자치시,조치원읍 신안리,단독/다가구,26.4,0,36,200,2019
세종특별자치시,조치원읍 신안리,단독/다가구,25,0,0,7000,2019
세종특별자치시,조치원읍 신안리,단독/다가구,19.8,0,24,100,1995
세종특별자치시,조치원읍 신안리,단독/다가구,40,0,0,6000,2004
세종특별자치시,조치원읍 신안리,단독/다가구,16.5,0,0,5000,2017
세종특별자치시,조치원읍 신안리,단독/다가구,22,0,0,3500,1997
세종특별자치시,조치원읍 신안리,단독/다가구,16.5,0,0,5000,2019
세종특별자치시,조치원읍 신안리,단독/다가구,18,0,0,5000,2019
세종특별자치시,조치원읍 신안리,단독/다가구,25,0,38,300,2019
세종특별자치시,조치원읍 신안리,단독/다가구,19.8,0,0,5000,0000
세종특별자치시,조치원읍 신안리,단독/다가구,20,0,0,4500,0000
세종특별자치시,조치원읍 신안리,단독/다가구,33,0,40,300,2013
세종특별자치시,조치원읍 신안리,단독/다가구,22,0,20,50,1996
세종특별자치시,조치원읍 신안리,단독/다가구,24,0,53,30,2019
세종특별자치시,조치원읍 신안리,단독/다가구,20,0,33,200,2012
세종특별자치시,조치원읍 신안리,단독/다가구,20,0,32,100,2012
세종특별자치시,조치원읍 신안리,단독/다가구,25,0,0,7000,2019
세종특별자치시,조치원읍 신안리,단독/다가구,30,0,0,6500,2013
세종특별자치시,조치원읍 신안리,단독/다가구,20,0,0,5000,1995
세종특별자치시,조치원읍 신안리,단독/다가구,18,0,45,30,2019
세종특별자치시,조치원읍 신안리,단독/다가구,25,0,0,5000,2017
세종특별자치시,조치원읍 신안리,단독/다가구,20,0,0,4500,2012
세종특별자치시,조치원읍 신안리,단독/다가구,21.45,0,0,3500,1996
세종특별자치시,조치원읍 신안리,단독/다가구,20,0,0,3000,1995
세종특별자치시,조치원읍 신안리,단독/다가구,21,0,0,5000,2012
세종특별자치시,조치원읍 신안리,단독/다가구,20,0,0,4500,2012
세종특별자치시,조치원읍 신안리,단독/다가구,22,0,0,5500,2004
세종특별자치시,조치원읍 신안리,단독/다가구,18,0,0,3500,1997
세종특별자치시,조치원읍 신안리,단독/다가구,21,0,0,5500,2004
세종특별자치시,조치원읍 신안리,단독/다가구,25,0,0,6000,2019
세종특별자치시,조치원읍 신안리,단독/다가구,21,0,0,5000,2004
세종특별자치시,조치원읍 신안리,단독/다가구,18,0,0,5000,2017
세종특별자치시,조치원읍 신안리,단독/다가구,26.4,0,0,5000,2014
세종특별자치시,조치원읍 신안리,단독/다가구,22,0,0,3500,1997
세종특별자치시,조치원읍 신안리,단독/다가구,16,0,0,3000,1991
세종특별자치시,조치원읍 신안리,단독/다가구,21,0,0,5500,2004
세종특별자치시,조치원읍 신안리,단독/다가구,21,0,0,5000,2004
세종특별자치시,조치원읍 신안리,단독/다가구,22,0,0,6000,2013
세종특별자치시,조치원읍 신안리,단독/다가구,24.97,0,0,9500,2013
세종특별자치시,조치원읍 신안리,단독/다가구,21,0,0,2000,1997
세종특별자치시,조치원읍 신안리,단독/다가구,24,0,0,6000,2004
세종특별자치시,조치원읍 신안리,단독/다가구,22,0,33,30,2013
세종특별자치시,조치원읍 신안리,단독/다가구,20,0,0,6000,2019
세종특별자치시,조치원읍 신안리,단독/다가구,21,0,0,5000,2004
세종특별자치시,조치원읍 신안리,단독/다가구,23,0,0,2500,1995
세종특별자치시,조치원읍 신안리,단독/다가구,22,0,0,3500,1997
세종특별자치시,조치원읍 신안리,단독/다가구,82.17,0,0,18000,1986
세종특별자치시,조치원읍 신안리,단독/다가구,25,0,0,6000,2004
세종특별자치시,조치원읍 신안리,단독/다가구,22,0,0,6000,2013
세종특별자치시,조치원읍 서창리,단독/다가구,18,0,40,30,2021
세종특별자치시,조치원읍 서창리,단독/다가구,21,0,29,300,2012
세종특별자치시,조치원읍 서창리,단독/다가구,26,0,30,100,2007
세종특별자치시,조치원읍 서창리,단독/다가구,80,0,0,10000,2011
세종특별자치시,조치원읍 서창리,단독/다가구,19,0,0,5000,2019
세종특별자치시,조치원읍 서창리,단독/다가구,20,0,0,5800,2013
세종특별자치시,조치원읍 서창리,단독/다가구,23,0,0,4000,2013
세종특별자치시,조치원읍 서창리,단독/다가구,20,0,25,150,2012
세종특별자치시,조치원읍 서창리,단독/다가구,35,0,35,200,2012
세종특별자치시,조치원읍 서창리,단독/다가구,21,0,48,30,2011
세종특별자치시,조치원읍 서창리,단독/다가구,23,0,0,4000,2013
세종특별자치시,조치원읍 서창리,단독/다가구,19.21,0,17,20,1994
세종특별자치시,조치원읍 서창리,단독/다가구,30,0,0,7000,2018
세종특별자치시,조치원읍 서창리,단독/다가구,21,0,0,5500,2013
세종특별자치시,조치원읍 서창리,단독/다가구,30,0,40,2000,2015
세종특별자치시,조치원읍 서창리,단독/다가구,30,0,45,500,2007
세종특별자치시,조치원읍 서창리,단독/다가구,15,0,0,3700,2019
세종특별자치시,조치원읍 서창리,단독/다가구,18.5,0,0,5250,2019
세종특별자치시,조치원읍 서창리,단독/다가구,75,0,45,520,1997
세종특별자치시,조치원읍 서창리,단독/다가구,18.5,0,0,5250,2019
세종특별자치시,연기면 연기리,단독/다가구,23.1,0,0,5000,2013
세종특별자치시,연기면 연기리,단독/다가구,26.45,0,19,2500,2013
세종특별자치시,연기면 보통리,단독/다가구,25,0,33,100,2013
세종특별자치시,연기면 보통리,단독/다가구,23.87,0,0,8000,2021
세종특별자치시,연기면 보통리,단독/다가구,25,0,32,200,2014
세종특별자치시,연기면 보통리,단독/다가구,26.45,0,29,2000,2014
세종특별자치시,연기면 보통리,단독/다가구,25,0,33,100,2013
세종특별자치시,연기면 보통리,단독/다가구,23.1,0,33,200,0000
세종특별자치시,연기면 보통리,단독/다가구,25,0,32,200,2014
세종특별자치시,연기면 보통리,단독/다가구,23.14,0,34,200,2013
세종특별자치시,연기면 보통리,단독/다가구,16.05,0,35,500,2021
세종특별자치시,연기면 보통리,단독/다가구,45,0,32,100,2013
세종특별자치시,연기면 보통리,단독/다가구,25,0,30,100,2013
세종특별자치시,부강면 부강리,단독/다가구,33,0,45,200,2014
세종특별자치시,부강면 부강리,단독/다가구,30,0,40,300,2017
세종특별자치시,부강면 부강리,단독/다가구,25,0,40,500,2017
세종특별자치시,부강면 부강리,단독/다가구,40,0,15,5000,2017
세종특별자치시,부강면 부강리,단독/다가구,68,0,100,200,2021
세종특별자치시,부강면 부강리,단독/다가구,33,0,50,300,2017
세종특별자치시,부강면 부강리,단독/다가구,30,0,0,5500,2014
세종특별자치시,부강면 부강리,단독/다가구,60,0,55,500,2013
세종특별자치시,부강면 부강리,단독/다가구,30,0,0,8000,2013
세종특별자치시,부강면 부강리,단독/다가구,30,0,36,300,2017
세종특별자치시,금남면 용포리,단독/다가구,28,0,35,500,2012
세종특별자치시,금남면 용포리,단독/다가구,28,0,35,500,2012
세종특별자치시,금남면 용포리,단독/다가구,23,0,37,200,2013
세종특별자치시,금남면 용포리,단독/다가구,25,0,35,300,2014
세종특별자치시,금남면 용포리,단독/다가구,33,0,47,200,2014
세종특별자치시,금남면 용포리,단독/다가구,66,0,40,1000,2015
세종특별자치시,금남면 용포리,단독/다가구,28,0,38,200,2013
세종특별자치시,금남면 용포리,단독/다가구,23,0,0,5000,2013
세종특별자치시,금남면 용포리,단독/다가구,23,0,0,4200,2013
세종특별자치시,금남면 용포리,단독/다가구,23,0,38,200,2013
세종특별자치시,금남면 용포리,단독/다가구,23,0,38,200,2013
세종특별자치시,금남면 용포리,단독/다가구,23,0,38,200,2013
세종특별자치시,금남면 용포리,단독/다가구,25,0,40,200,2013
세종특별자치시,금남면 용포리,단독/다가구,33,0,0,5000,2013
세종특별자치시,금남면 용포리,단독/다가구,25,0,30,200,2012
세종특별자치시,금남면 용포리,단독/다가구,25,0,38,300,2014
세종특별자치시,금남면 용포리,단독/다가구,33.66,0,65,300,2013
세종특별자치시,금남면 용포리,단독/다가구,33,0,50,300,2013
세종특별자치시,금남면 용포리,단독/다가구,47,0,60,200,2011
세종특별자치시,장군면 도계리,단독/다가구,24,0,0,4000,2014
세종특별자치시,장군면 도계리,단독/다가구,45,0,60,200,2013
세종특별자치시,장군면 도계리,단독/다가구,55,0,0,7350,2015
세종특별자치시,장군면 도계리,단독/다가구,22,0,10,2000,2014
세종특별자치시,장군면 도계리,단독/다가구,20,0,0,4000,0000
세종특별자치시,장군면 도계리,단독/다가구,24,0,0,5000,2014
세종특별자치시,장군면 도계리,단독/다가구,30,0,50,100,2014
세종특별자치시,장군면 도계리,단독/다가구,20,0,30,200,2013
세종특별자치시,장군면 대교리,단독/다가구,20,0,26,100,2012
세종특별자치시,장군면 봉안리,단독/다가구,59,0,0,8000,2012
세종특별자치시,장군면 봉안리,단독/다가구,26,0,0,3500,2014
세종특별자치시,장군면 봉안리,단독/다가구,22,0,0,4000,2013
세종특별자치시,장군면 봉안리,단독/다가구,20,0,35,300,2017
세종특별자치시,장군면 봉안리,단독/다가구,20,0,32,100,2012
세종특별자치시,장군면 봉안리,단독/다가구,36,0,42,300,2016
세종특별자치시,장군면 봉안리,단독/다가구,36,0,0,4500,2013
세종특별자치시,장군면 봉안리,단독/다가구,20,0,40,200,2013
세종특별자치시,장군면 봉안리,단독/다가구,46,0,0,6000,2014
세종특별자치시,장군면 봉안리,단독/다가구,20,0,32,200,2013
세종특별자치시,장군면 봉안리,단독/다가구,20,0,0,4500,2017
세종특별자치시,장군면 봉안리,단독/다가구,20,0,35,300,2017
세종특별자치시,장군면 봉안리,단독/다가구,36,0,40,500,2014
세종특별자치시,장군면 봉안리,단독/다가구,22,0,0,3500,2013
세종특별자치시,장군면 봉안리,단독/다가구,28,0,40,200,2014
세종특별자치시,장군면 봉안리,단독/다가구,28,0,40,200,2014
세종특별자치시,장군면 봉안리,단독/다가구,36,0,37,1000,2013
세종특별자치시,장군면 봉안리,단독/다가구,21,0,31,100,2013
세종특별자치시,장군면 봉안리,단독/다가구,20,0,30,200,2014
세종특별자치시,장군면 봉안리,단독/다가구,22,0,0,3500,2014
세종특별자치시,장군면 봉안리,단독/다가구,28,0,38,300,2016
세종특별자치시,장군면 봉안리,단독/다가구,25,0,40,200,2014
세종특별자치시,장군면 봉안리,단독/다가구,22,0,30,100,2013
세종특별자치시,장군면 봉안리,단독/다가구,30,0,44,200,2014
세종특별자치시,장군면 봉안리,단독/다가구,22,0,32,200,2013
세종특별자치시,장군면 봉안리,단독/다가구,23,0,35,200,2012
세종특별자치시,장군면 봉안리,단독/다가구,25,0,0,5000,2012
세종특별자치시,장군면 하봉리,단독/다가구,20,0,29,200,0000
세종특별자치시,장군면 하봉리,단독/다가구,43,0,52,300,2014
세종특별자치시,장군면 은용리,단독/다가구,50,0,0,10000,2013
세종특별자치시,장군면 은용리,단독/다가구,25,0,0,5000,2013
세종특별자치시,연서면 부동리,단독/다가구,54.68,0,0,5000,0000
세종특별자치시,연서면 봉암리,단독/다가구,30,0,0,5900,2013
세종특별자치시,전동면 송성리,단독/다가구,198.88,0,0,11000,2021
세종특별자치시,소담동,퍼스트시티,41.36,8,0,14700,2016
세종특별자치시,보람동,스타힐타워Ⅱ,21.6349,7,44,300,2016
세종특별자치시,보람동,스타힐타워Ⅱ,21.6349,7,44,300,2016
세종특별자치시,보람동,스타힐타워Ⅰ,21.6349,8,0,8925,2016
세종특별자치시,보람동,스타힐타워Ⅱ,21.6349,6,0,10000,2016
세종특별자치시,보람동,스타힐타워Ⅱ,21.6349,5,0,11500,2016
세종특별자치시,보람동,스타힐타워Ⅰ,21.6349,7,0,11500,2016
세종특별자치시,보람동,스타힐타워Ⅰ,21.6349,8,0,12000,2016
세종특별자치시,보람동,스타힐타워Ⅱ,24.4267,7,0,11000,2016
세종특별자치시,보람동,스타힐타워Ⅰ,21.6349,5,52,300,2016
세종특별자치시,보람동,스타힐타워Ⅰ,16.6229,8,50,300,2016
세종특별자치시,도담동,까사누보,21.422,4,50,500,2015
세종특별자치시,도담동,까사누보,27.6012,3,48,500,2015
세종특별자치시,도담동,까사누보,22.686,5,50,500,2015
세종특별자치시,도담동,까사누보,21.422,4,49,500,2015
세종특별자치시,조치원읍 남리,세종팰리스3동,14.54,2,32,200,2012
세종특별자치시,조치원읍 신안리,비스하우스,26.53,4,0,5500,2013
세종특별자치시,부강면 부강리,상당6동,48.57,2,27,300,1990
세종특별자치시,부강면 부강리,THE숲아파텔,34.09,7,50,500,2019
서울특별시종로구,청운동,단독/다가구,61.61,0,10,34000,1993
서울특별시종로구,청운동,단독/다가구,73.07,0,0,39000,1995
서울특별시종로구,청운동,단독/다가구,69.91,0,0,30500,2022
서울특별시종로구,청운동,단독/다가구,70.85,0,0,37100,2010
서울특별시종로구,청운동,단독/다가구,56,0,50,1000,1995
서울특별시종로구,신교동,단독/다가구,36.36,0,65,1000,1995
서울특별시종로구,창성동,단독/다가구,52,0,75,7000,1997
서울특별시종로구,창성동,단독/다가구,24,0,0,18000,1997
서울특별시종로구,창성동,단독/다가구,24,0,0,18000,1997
서울특별시종로구,창성동,단독/다가구,27,0,0,17600,1997
서울특별시종로구,창성동,단독/다가구,27,0,0,13200,1997
서울특별시종로구,통의동,단독/다가구,36,0,80,2000,0000
서울특별시종로구,통인동,단독/다가구,24.26,0,28,1000,1996
서울특별시종로구,누상동,단독/다가구,24.79,0,0,13000,0000
서울특별시종로구,누상동,단독/다가구,60,0,0,23000,1991
서울특별시종로구,누상동,단독/다가구,71.17,0,70,16000,2014
서울특별시종로구,누하동,단독/다가구,18,0,30,4000,2010
서울특별시종로구,누하동,단독/다가구,12,0,45,500,0000
서울특별시종로구,옥인동,단독/다가구,55,0,0,35000,2021
서울특별시종로구,옥인동,단독/다가구,79.49,0,24,25000,1988
서울특별시종로구,옥인동,단독/다가구,19.24,0,70,3000,0000
서울특별시종로구,옥인동,단독/다가구,30,0,0,10000,1965
서울특별시종로구,옥인동,단독/다가구,56.49,0,80,3000,0000
서울특별시종로구,체부동,단독/다가구,20,0,63,2000,1994
서울특별시종로구,체부동,단독/다가구,20,0,48,1000,1996
서울특별시종로구,체부동,단독/다가구,19,0,48,1000,1996
서울특별시종로구,체부동,단독/다가구,25,0,40,2800,1996
서울특별시종로구,필운동,단독/다가구,24.17,0,10,15000,1998
서울특별시종로구,필운동,단독/다가구,19.83,0,27,5000,0000
서울특별시종로구,사직동,단독/다가구,39.67,0,60,5000,0000
서울특별시종로구,사직동,단독/다가구,30,0,40,5000,1969
서울특별시종로구,사직동,단독/다가구,39.67,0,60,5000,0000
서울특별시종로구,사직동,단독/다가구,96.66,0,80,10000,1969
서울특별시종로구,신문로2가,단독/다가구,36,0,0,5000,1997
서울특별시종로구,신문로2가,단독/다가구,40,0,0,6300,1997
서울특별시종로구,운니동,단독/다가구,31.09,0,70,1000,2019
서울특별시종로구,삼청동,단독/다가구,66.96,0,40,15000,1997
서울특별시종로구,삼청동,단독/다가구,45,0,50,1000,0000
서울특별시종로구,가회동,단독/다가구,45.78,0,50,5000,0000
서울특별시종로구,가회동,단독/다가구,68,0,3,26200,1997
서울특별시종로구,가회동,단독/다가구,27.04,0,90,3000,0000
서울특별시종로구,가회동,단독/다가구,89.3,0,57,21000,0000
서울특별시종로구,계동,단독/다가구,35,0,50,5000,1993
서울특별시종로구,계동,단독/다가구,104.9,0,0,55000,0000
서울특별시종로구,계동,단독/다가구,104.9,0,0,55000,0000
서울특별시종로구,원남동,단독/다가구,24.08,0,89,200,2003
서울특별시종로구,원남동,단독/다가구,13.16,0,58,100,2003
서울특별시종로구,연지동,단독/다가구,34,0,90,2000,2017
서울특별시종로구,효제동,단독/다가구,33.3,0,60,1000,1970
서울특별시종로구,이화동,단독/다가구,18.62,0,50,2000,1995
서울특별시종로구,이화동,단독/다가구,23.1,0,40,1000,1990
서울특별시종로구,이화동,단독/다가구,52.65,0,50,2000,2006
서울특별시종로구,이화동,단독/다가구,43.8,0,45,500,1997
서울특별시종로구,이화동,단독/다가구,42.85,0,0,6000,1949
서울특별시종로구,이화동,단독/다가구,33.35,0,0,20000,0000
서울특별시종로구,연건동,단독/다가구,77.67,0,0,30000,1995
서울특별시종로구,연건동,단독/다가구,20,0,0,7000,1964
서울특별시종로구,연건동,단독/다가구,33.05,0,45,500,1993
서울특별시종로구,연건동,단독/다가구,25,0,25,7000,0000
서울특별시종로구,연건동,단독/다가구,19.8,0,40,500,1996
서울특별시종로구,충신동,단독/다가구,59.5,0,35,8000,1993
서울특별시종로구,충신동,단독/다가구,16.12,0,0,11000,0000
서울특별시종로구,충신동,단독/다가구,80.27,0,30,16000,1997
서울특별시종로구,동숭동,단독/다가구,22,0,40,2000,1996
서울특별시종로구,동숭동,단독/다가구,39.3,0,78,500,1995
서울특별시종로구,동숭동,단독/다가구,32.2,0,0,20000,2016
서울특별시종로구,동숭동,단독/다가구,17,0,85,1000,2018
서울특별시종로구,동숭동,단독/다가구,30.8,0,0,6300,0000
서울특별시종로구,동숭동,단독/다가구,31.51,0,0,8000,1997
서울특별시종로구,동숭동,단독/다가구,31.51,0,0,8000,1997
서울특별시종로구,동숭동,단독/다가구,48,0,20,12000,2003
서울특별시종로구,동숭동,단독/다가구,55,0,0,18000,2008
서울특별시종로구,동숭동,단독/다가구,24,0,0,8500,2008
서울특별시종로구,동숭동,단독/다가구,19,0,55,2000,0000
서울특별시종로구,동숭동,단독/다가구,27.09,0,75,2000,2019
서울특별시종로구,동숭동,단독/다가구,19,0,55,1000,1992
서울특별시종로구,동숭동,단독/다가구,30,0,40,6000,1996
서울특별시종로구,동숭동,단독/다가구,33,0,15,11826,1997
서울특별시종로구,혜화동,단독/다가구,21.88,0,40,500,0000
서울특별시종로구,혜화동,단독/다가구,21.88,0,40,500,1995
서울특별시종로구,혜화동,단독/다가구,35,0,60,1000,1993
서울특별시종로구,혜화동,단독/다가구,30,0,45,1000,1996
서울특별시종로구,혜화동,단독/다가구,18,0,10,9000,2002
서울특별시종로구,혜화동,단독/다가구,38.07,0,30,2000,1997
서울특별시종로구,혜화동,단독/다가구,34.71,0,0,16000,0000
서울특별시종로구,혜화동,단독/다가구,25,0,55,1000,1997
서울특별시종로구,혜화동,단독/다가구,18,0,65,2000,2017
서울특별시종로구,혜화동,단독/다가구,42,0,60,10000,2016
서울특별시종로구,혜화동,단독/다가구,53.81,0,15,25000,1995
서울특별시종로구,혜화동,단독/다가구,30,0,45,15000,1996
서울특별시종로구,혜화동,단독/다가구,20,0,45,1000,2003
서울특별시종로구,혜화동,단독/다가구,18.18,0,57,1000,2017
서울특별시종로구,명륜1가,단독/다가구,193.26,0,0,25000,1997
서울특별시종로구,명륜1가,단독/다가구,19,0,55,1000,2010
서울특별시종로구,명륜1가,단독/다가구,15,0,45,500,1992
서울특별시종로구,명륜1가,단독/다가구,30,0,80,500,1995
서울특별시종로구,명륜1가,단독/다가구,25,0,45,2000,1956
서울특별시종로구,명륜1가,단독/다가구,29,0,65,2000,1997
서울특별시종로구,명륜1가,단독/다가구,29,0,65,2000,1997
서울특별시종로구,명륜1가,단독/다가구,24,0,65,1000,2006
서울특별시종로구,명륜1가,단독/다가구,26.27,0,60,500,2013
서울특별시종로구,명륜1가,단독/다가구,27,0,64,2500,2006
서울특별시종로구,명륜1가,단독/다가구,15,0,50,1000,1992
서울특별시종로구,명륜1가,단독/다가구,15,0,50,500,1996
서울특별시종로구,명륜1가,단독/다가구,40,0,75,2000,2002
서울특별시종로구,명륜1가,단독/다가구,56.83,0,5,16000,2002
서울특별시종로구,명륜1가,단독/다가구,16,0,0,5500,1991
서울특별시종로구,명륜1가,단독/다가구,30,0,126,2000,2019
서울특별시종로구,명륜1가,단독/다가구,18,0,50,1000,1992
서울특별시종로구,명륜1가,단독/다가구,33.53,0,30,10000,2002
서울특별시종로구,명륜1가,단독/다가구,15,0,50,1000,1996
서울특별시종로구,명륜1가,단독/다가구,15,0,70,1000,1995
서울특별시종로구,명륜1가,단독/다가구,22.28,0,65,1000,2015
서울특별시종로구,명륜1가,단독/다가구,15,0,45,500,2001
서울특별시종로구,명륜1가,단독/다가구,15,0,48,500,2001
서울특별시종로구,명륜1가,단독/다가구,78.54,0,55,4000,1992
서울특별시종로구,명륜1가,단독/다가구,18,0,53,500,2010
서울특별시종로구,명륜1가,단독/다가구,18,0,62,1000,0000
서울특별시종로구,명륜1가,단독/다가구,18,0,50,1000,1992
서울특별시종로구,명륜1가,단독/다가구,25,0,90,1000,1995
서울특별시종로구,명륜1가,단독/다가구,20,0,50,1000,1990
서울특별시종로구,명륜1가,단독/다가구,45,0,100,1000,2019
서울특별시종로구,명륜1가,단독/다가구,43.8,0,72,1000,2005
서울특별시종로구,명륜2가,단독/다가구,23.1,0,45,500,1996
서울특별시종로구,명륜2가,단독/다가구,33,0,85,1000,1996
서울특별시종로구,명륜2가,단독/다가구,20,0,51,2500,2010
서울특별시종로구,명륜2가,단독/다가구,49.38,0,105,1000,1997
서울특별시종로구,명륜2가,단독/다가구,20,0,40,500,1996
서울특별시종로구,명륜2가,단독/다가구,18,0,44,300,1985
서울특별시종로구,명륜2가,단독/다가구,15,0,55,2000,1992
서울특별시종로구,명륜2가,단독/다가구,18,0,0,12000,0000
서울특별시종로구,명륜2가,단독/다가구,35,0,60,1000,1996
서울특별시종로구,명륜2가,단독/다가구,58,0,115,1500,1997
서울특별시종로구,명륜2가,단독/다가구,20.55,0,0,10000,2003
서울특별시종로구,명륜2가,단독/다가구,15,0,0,10000,1997
서울특별시종로구,명륜2가,단독/다가구,18,0,63,1000,1995
서울특별시종로구,명륜2가,단독/다가구,18,0,80,1000,1997
서울특별시종로구,명륜2가,단독/다가구,21,0,0,10000,1996
서울특별시종로구,명륜4가,단독/다가구,66,0,0,35000,2015
서울특별시종로구,명륜4가,단독/다가구,45.07,0,0,18000,1997
서울특별시종로구,명륜4가,단독/다가구,47.16,0,0,18000,1997
서울특별시종로구,명륜4가,단독/다가구,31,0,120,1000,1996
서울특별시종로구,명륜4가,단독/다가구,47.16,0,0,11000,1997
서울특별시종로구,명륜4가,단독/다가구,33,0,30,15000,0000
서울특별시종로구,명륜4가,단독/다가구,33,0,30,15000,2015
서울특별시종로구,명륜3가,단독/다가구,48.5,0,0,19000,1994
서울특별시종로구,명륜3가,단독/다가구,16,0,40,2000,0000
서울특별시종로구,명륜3가,단독/다가구,16,0,40,2000,1992
서울특별시종로구,명륜3가,단독/다가구,20,0,50,2000,1993
서울특별시종로구,명륜3가,단독/다가구,20,0,45,300,1989
서울특별시종로구,명륜3가,단독/다가구,18,0,50,1000,1993
서울특별시종로구,명륜3가,단독/다가구,15,0,45,500,1976
서울특별시종로구,명륜3가,단독/다가구,21.92,0,0,12000,2003
서울특별시종로구,명륜3가,단독/다가구,15,0,5,7000,1998
서울특별시종로구,명륜3가,단독/다가구,60,0,87,800,1993
서울특별시종로구,명륜3가,단독/다가구,15,0,60,500,1997
서울특별시종로구,명륜3가,단독/다가구,27,0,50,500,1998
서울특별시종로구,명륜3가,단독/다가구,15,0,45,1000,1973
서울특별시종로구,명륜3가,단독/다가구,16,0,0,9000,0000
서울특별시종로구,명륜3가,단독/다가구,27,0,0,15000,1997
서울특별시종로구,명륜3가,단독/다가구,15,0,55,1000,1992
서울특별시종로구,명륜3가,단독/다가구,18,0,50,500,1992
서울특별시종로구,명륜3가,단독/다가구,27,0,0,15000,1997
서울특별시종로구,명륜3가,단독/다가구,28,0,95,1000,1997
서울특별시종로구,명륜3가,단독/다가구,17,0,43,500,0000
서울특별시종로구,명륜3가,단독/다가구,29,0,60,1000,1997
서울특별시종로구,명륜3가,단독/다가구,18.1,0,50,500,1989
서울특별시종로구,명륜3가,단독/다가구,35.4,0,80,2000,2002
서울특별시종로구,명륜3가,단독/다가구,15,0,0,7000,1997
서울특별시종로구,명륜3가,단독/다가구,15,0,37,3000,1998
서울특별시종로구,명륜3가,단독/다가구,15,0,37,3000,1998
서울특별시종로구,명륜3가,단독/다가구,54.95,0,0,8000,1993
서울특별시종로구,명륜3가,단독/다가구,15,0,50,500,1997
서울특별시종로구,명륜3가,단독/다가구,35.01,0,80,3000,1994
서울특별시종로구,명륜3가,단독/다가구,25,0,70,500,1995
서울특별시종로구,명륜3가,단독/다가구,15,0,55,500,1991
서울특별시종로구,명륜3가,단독/다가구,18,0,40,300,1976
서울특별시종로구,명륜3가,단독/다가구,58.56,0,110,1000,0000
서울특별시종로구,명륜3가,단독/다가구,26.4,0,55,1000,2002
서울특별시종로구,명륜3가,단독/다가구,14,0,55,500,1976
서울특별시종로구,명륜3가,단독/다가구,18,0,45,500,2002
서울특별시종로구,명륜3가,단독/다가구,41.69,0,70,3000,2002
서울특별시종로구,명륜3가,단독/다가구,25,0,70,500,1997
서울특별시종로구,명륜3가,단독/다가구,41.69,0,70,3000,2002
서울특별시종로구,명륜3가,단독/다가구,16.5,0,40,1000,1988
서울특별시종로구,명륜3가,단독/다가구,15,0,50,500,1998
서울특별시종로구,명륜3가,단독/다가구,25,0,47,1000,1995
서울특별시종로구,명륜3가,단독/다가구,55,0,80,2000,0000
서울특별시종로구,명륜3가,단독/다가구,33,0,0,7000,1977
서울특별시종로구,명륜3가,단독/다가구,33,0,0,7000,1977
서울특별시종로구,명륜3가,단독/다가구,18,0,65,1000,2018
서울특별시종로구,명륜3가,단독/다가구,39.22,0,0,10500,1985
서울특별시종로구,명륜3가,단독/다가구,21.52,0,55,2000,2019
서울특별시종로구,명륜3가,단독/다가구,23,0,55,500,1998
서울특별시종로구,명륜3가,단독/다가구,20,0,22,5000,2003
서울특별시종로구,명륜3가,단독/다가구,29,0,95,1000,1970
서울특별시종로구,명륜3가,단독/다가구,22.13,0,65,500,2003
서울특별시종로구,명륜3가,단독/다가구,20,0,0,8000,2011
서울특별시종로구,명륜3가,단독/다가구,20,0,0,8000,2011
서울특별시종로구,창신동,단독/다가구,25,0,60,3000,1984
서울특별시종로구,창신동,단독/다가구,23.59,0,15,12000,0000
서울특별시종로구,창신동,단독/다가구,37.56,0,45,1000,1996
서울특별시종로구,창신동,단독/다가구,16.5,0,35,300,1973
서울특별시종로구,창신동,단독/다가구,45.92,0,0,13000,1977
서울특별시종로구,창신동,단독/다가구,24.75,0,40,500,1993
서울특별시종로구,창신동,단독/다가구,64.2,0,10,10000,1966
서울특별시종로구,창신동,단독/다가구,64.2,0,10,10000,1966
서울특별시종로구,창신동,단독/다가구,56.78,0,0,12000,1998
서울특별시종로구,창신동,단독/다가구,31.16,0,0,6000,1990
서울특별시종로구,창신동,단독/다가구,31.16,0,0,6000,1990
서울특별시종로구,창신동,단독/다가구,55.92,0,0,22000,1987
서울특별시종로구,창신동,단독/다가구,39.4,0,40,500,1995
서울특별시종로구,창신동,단독/다가구,27.4,0,0,9000,1993
서울특별시종로구,창신동,단독/다가구,46.4,0,60,5000,0000
서울특별시종로구,창신동,단독/다가구,50.48,0,49,4000,1993
서울특별시종로구,창신동,단독/다가구,32.13,0,0,10000,1978
서울특별시종로구,창신동,단독/다가구,66.11,0,0,7000,1991
서울특별시종로구,창신동,단독/다가구,20,0,30,300,2015
서울특별시종로구,창신동,단독/다가구,20,0,33,1000,1975
서울특별시종로구,창신동,단독/다가구,43.96,0,40,1000,1991
서울특별시종로구,창신동,단독/다가구,50,0,0,7000,1967
서울특별시종로구,창신동,단독/다가구,43.96,0,40,1000,1991
서울특별시종로구,창신동,단독/다가구,60.12,0,40,500,2006
서울특별시종로구,창신동,단독/다가구,71.55,0,0,35000,2016
서울특별시종로구,창신동,단독/다가구,49,0,50,1000,1997
서울특별시종로구,창신동,단독/다가구,33,0,0,15000,1978
서울특별시종로구,창신동,단독/다가구,53.98,0,0,12500,1993
서울특별시종로구,창신동,단독/다가구,42.03,0,65,5000,2001
서울특별시종로구,창신동,단독/다가구,53.14,0,0,13000,1993
서울특별시종로구,창신동,단독/다가구,14.8,0,35,200,1969
서울특별시종로구,숭인동,단독/다가구,38.97,0,70,5000,1993
서울특별시종로구,숭인동,단독/다가구,15,0,40,1000,1988
서울특별시종로구,숭인동,단독/다가구,26.52,0,55,1000,0000
서울특별시종로구,숭인동,단독/다가구,44.57,0,50,4000,1998
서울특별시종로구,숭인동,단독/다가구,44.57,0,50,4000,1998
서울특별시종로구,숭인동,단독/다가구,16.66,0,30,5000,0000
서울특별시종로구,숭인동,단독/다가구,12,0,23,200,1967
서울특별시종로구,숭인동,단독/다가구,30,0,15,200,1959
서울특별시종로구,숭인동,단독/다가구,15.5,0,30,500,1959
서울특별시종로구,숭인동,단독/다가구,21,0,0,2200,1959
서울특별시종로구,숭인동,단독/다가구,50.95,0,70,2000,1996
서울특별시종로구,숭인동,단독/다가구,12,0,25,300,1959
서울특별시종로구,숭인동,단독/다가구,25,0,0,8400,0000
서울특별시종로구,숭인동,단독/다가구,26.77,0,30,500,1994
서울특별시종로구,행촌동,단독/다가구,46,0,40,1000,1992
서울특별시종로구,행촌동,단독/다가구,41.76,0,50,1000,1993
서울특별시종로구,행촌동,단독/다가구,21.16,0,0,8400,1996
서울특별시종로구,행촌동,단독/다가구,21.16,0,0,8400,1996
서울특별시종로구,행촌동,단독/다가구,21.16,0,0,8400,1996
서울특별시종로구,행촌동,단독/다가구,36.72,0,60,3000,1992
서울특별시종로구,행촌동,단독/다가구,26.8,0,50,1000,1993
서울특별시종로구,행촌동,단독/다가구,40.04,0,0,8500,2002
서울특별시종로구,행촌동,단독/다가구,40.79,0,50,1000,1992
서울특별시종로구,행촌동,단독/다가구,40.79,0,50,1000,1992
서울특별시종로구,행촌동,단독/다가구,16.54,0,60,1000,1931
서울특별시종로구,구기동,단독/다가구,23,0,52,500,2001
서울특별시종로구,평창동,단독/다가구,196.02,0,0,125000,1984
서울특별시종로구,평창동,단독/다가구,201.93,0,300,10000,1995
서울특별시종로구,평창동,단독/다가구,201.93,0,0,52500,1995
서울특별시종로구,평창동,단독/다가구,82.41,0,0,30000,1988
서울특별시종로구,평창동,단독/다가구,89.9,0,48,3230,1994
서울특별시종로구,평창동,단독/다가구,40,0,16,10000,1994
서울특별시종로구,부암동,단독/다가구,39.25,0,80,2000,2020
서울특별시종로구,부암동,단독/다가구,69.42,0,50,25000,1965
서울특별시종로구,부암동,단독/다가구,62.1,0,0,30000,2015
서울특별시종로구,신영동,단독/다가구,50,0,0,35000,2021
서울특별시종로구,무악동,단독/다가구,53.02,0,60,3000,1972
서울특별시종로구,청운동,효산빌리지,65.59,2,0,42000,2010
서울특별시종로구,청운동,궁정빌리지,73.98,2,0,42000,2001
서울특별시종로구,신교동,(14-5),57.9,1,75,3000,1996
서울특별시종로구,신교동,(14-6),41.53,2,60,1000,2000
서울특별시종로구,누상동,문화빌라A동,59.97,2,0,29350,2000
서울특별시종로구,누상동,문화빌라B동,55.04,1,0,24000,2000
서울특별시종로구,누상동,문화빌라B동,55.04,1,0,24000,2000
서울특별시종로구,누상동,번영주택,34.28,2,60,2000,2000
서울특별시종로구,누상동,이원명가(5-2),59.9,4,0,27000,2000
서울특별시종로구,누상동,루미빌,79.29,2,35,22000,2003
서울특별시종로구,누상동,유니힐하이츠1,58.44,2,0,23000,2000
서울특별시종로구,누상동,(115-0),21.56,2,0,7500,2000
서울특별시종로구,옥인동,퍼스트빌C동,83.05,3,0,50000,2004
서울특별시종로구,옥인동,퍼스트빌A동,73.4,5,0,48500,2003
서울특별시종로구,필운동,우인빌라,58.92,2,70,5000,2001
서울특별시종로구,필운동,한양빌라,88.94,4,0,45000,2001
서울특별시종로구,안국동,연빌라,75.64,2,54,16000,2000
서울특별시종로구,가회동,한화빌라(1-94),229.35,2,1000,0,2006
서울특별시종로구,계동,(60-0),66.08,1,0,29400,1996
서울특별시종로구,원서동,상원빌라,23.94,2,50,1000,1998
서울특별시종로구,원서동,상원빌라B동,59.82,2,0,23000,1996
서울특별시종로구,원서동,동신빌라,19.08,4,42,2000,1999
서울특별시종로구,원서동,금강빌라,42.75,3,0,20000,1996
서울특별시종로구,원서동,금강빌라,42.75,3,0,20000,1996
서울특별시종로구,원서동,금강빌라,42.75,4,30,7000,1996
서울특별시종로구,원서동,(4-29),20.74,2,50,1000,1995
서울특별시종로구,원서동,인정빌라,59.34,3,50,10000,1998
서울특별시종로구,원서동,(135-66),39.4,2,0,20000,1998
서울특별시종로구,연지동,로얄파크뷰,15.69,10,0,18900,2019
서울특별시종로구,연지동,연지서영빌,29.24,6,0,25200,2018
서울특별시종로구,이화동,선호아트,14.78,4,0,6500,2012
서울특별시종로구,연건동,(124-1),36.67,2,0,9500,1996
서울특별시종로구,연건동,(64-0),16.01,2,0,7000,1998
서울특별시종로구,연건동,(70-2),19.59,3,1,10000,2000
서울특별시종로구,연건동,(118-2),24.04,3,32,4000,1997
서울특별시종로구,연건동,(40-0),44.76,5,63,2000,1997
서울특별시종로구,연건동,우영빌,29.46,3,50,2000,1996
서울특별시종로구,연건동,(50-1),49.05,1,0,19000,1996
서울특별시종로구,연건동,상일빌라,54.39,2,70,5000,1993
서울특별시종로구,연건동,상일빌라,54.39,2,65,7000,1993
서울특별시종로구,연건동,(85-2),15.39,2,0,9500,1996
서울특별시종로구,연건동,우영빌,29.46,2,60,2000,1996
서울특별시종로구,연건동,(98-0),33.05,3,50,2000,1996
서울특별시종로구,동숭동,잦골빌라,30.65,-1,23,6000,1999
서울특별시종로구,동숭동,(6-9),46.31,3,0,5000,1994
서울특별시종로구,동숭동,(2-3),77.08,2,0,5000,1988
서울특별시종로구,동숭동,(2-12),101.16,4,0,35175,1991
서울특별시종로구,동숭동,정선재,22.28,3,65,1000,2015
서울특별시종로구,동숭동,(201-49),73.78,2,0,5000,2004
서울특별시종로구,동숭동,정선재,22.78,1,55,3000,2015
서울특별시종로구,동숭동,(4-120),36.02,1,0,8000,1996
서울특별시종로구,혜화동,로하스빌16차,51.54,3,0,65900,2021
서울특별시종로구,혜화동,(22-42),71.33,2,0,32500,2002
서울특별시종로구,혜화동,(71-8),15.81,2,0,10000,2013
서울특별시종로구,혜화동,(71-8),15.81,2,0,10000,2013
서울특별시종로구,명륜1가,OSKhouse,22.23,3,80,2000,2011
서울특별시종로구,명륜1가,(36-16),13.69,3,55,1000,2009
서울특별시종로구,명륜1가,(31-21),45.77,4,0,32500,2015
서울특별시종로구,명륜1가,(36-16),13.7,5,55,1000,2009
서울특별시종로구,명륜1가,(36-16),14.63,5,50,2000,2009
서울특별시종로구,명륜1가,(36-16),14.63,5,50,2000,2009
서울특별시종로구,명륜1가,(31-21),51.7,2,0,33500,2015
서울특별시종로구,명륜1가,명륜우정빌라,40.32,3,84,2100,1991
서울특별시종로구,명륜2가,강남빌라,84.48,1,65,15000,1993
서울특별시종로구,명륜2가,강남빌라,84.48,1,65,15000,1993
서울특별시종로구,명륜4가,(188-36),35.32,4,50,1000,2002
서울특별시종로구,명륜3가,(1-846),29.97,3,0,8000,2001
서울특별시종로구,명륜3가,태광빌,22.48,3,0,12000,2013
서울특별시종로구,창신동,신호빌,54.05,4,0,25000,2017
서울특별시종로구,창신동,장미주택,42.12,2,0,10000,1999
서울특별시종로구,창신동,리베르떼종로,35.99,5,0,30000,2019
서울특별시종로구,창신동,라비앙종로,36.12,4,0,26250,2019
서울특별시종로구,창신동,라비앙종로,36.97,4,0,30500,2019
서울특별시종로구,창신동,(23-606),52.69,1,30,8000,1975
서울특별시종로구,창신동,(616-2),53.6,1,20,6000,1998
서울특별시종로구,창신동,도시빌라,37.18,1,15,12500,1992
서울특별시종로구,창신동,도시빌라,37.18,1,15,12500,1992
서울특별시종로구,창신동,종로웰라이프,20.2,6,0,22000,2020
서울특별시종로구,창신동,(601-3),24.8,2,0,7000,1998
서울특별시종로구,창신동,리베르떼종로,37.2,2,0,30000,2019
서울특별시종로구,창신동,리베르떼종로,37.2,2,0,30000,2019
서울특별시종로구,창신동,(629-94),48.42,3,40,1000,1996
서울특별시종로구,창신동,라비앙종로,35.31,2,0,25200,2019
서울특별시종로구,창신동,제이타워,14.19,5,0,23500,2021
서울특별시종로구,창신동,서호빌라,45.76,3,50,1000,1999
서울특별시종로구,숭인동,(179-44),23.5,1,35,500,1996
서울특별시종로구,숭인동,숭인동연립주택,59.98,2,70,3000,2001
서울특별시종로구,숭인동,숭인동연립주택,59.98,2,70,3000,2001
서울특별시종로구,숭인동,종로파크,36.03,5,0,22000,2015
서울특별시종로구,숭인동,종로파크,36.03,5,0,22000,2015
서울특별시종로구,숭인동,수영로하스타워,52.9,8,0,50900,2021
서울특별시종로구,숭인동,도로시House,48.58,2,0,30000,2016
서울특별시종로구,숭인동,신성주택3차,40.65,-1,37,1000,2007
서울특별시종로구,숭인동,보광아트빌라(가),55.32,3,60,10000,1991
서울특별시종로구,숭인동,보광아트빌라(가),55.32,3,60,10000,1991
서울특별시종로구,숭인동,로얄타운,84.85,3,0,32000,2004
서울특별시종로구,홍파동,새문안빌라,59.96,4,0,35000,1999
서울특별시종로구,행촌동,(210-195),31.62,1,0,15000,1997
서울특별시종로구,행촌동,안식아트빌,26.93,2,11,1312,2001
서울특별시종로구,행촌동,(210-125),42.09,1,0,14000,1994
서울특별시종로구,행촌동,(210-586),39.02,1,0,12000,1997
서울특별시종로구,행촌동,홍파빌라,59.19,2,0,22000,1999
서울특별시종로구,행촌동,(1-3),45.7,-1,30,12000,1999
서울특별시종로구,행촌동,유림아트빌,59.89,3,0,25200,2002
서울특별시종로구,행촌동,가온빌라,29.21,4,0,25000,2019
서울특별시종로구,행촌동,가온빌라,29.6,5,0,22500,2019
서울특별시종로구,행촌동,(210-365),21.05,-1,10,6000,1999
서울특별시종로구,구기동,그린빌라,82.23,3,0,31500,2002
서울특별시종로구,구기동,쌍용더플래티넘종로구기동,82.2243,1,0,65000,2021
서울특별시종로구,구기동,쌍용더플래티넘종로구기동,82.2243,1,0,65000,2021
서울특별시종로구,구기동,청구빌라,84.72,1,0,40000,1997
서울특별시종로구,구기동,466가,47.99,3,0,24100,2019
서울특별시종로구,구기동,466가,47.99,3,0,24100,2019
서울특별시종로구,구기동,씨제이빌라,157.53,1,0,100000,2000
서울특별시종로구,구기동,청구빌라,84.72,1,0,32550,1997
서울특별시종로구,구기동,부광빌라,63.54,2,80,5000,1994
서울특별시종로구,구기동,건덕빌라(8동),197.94,3,0,135000,1997
서울특별시종로구,평창동,헤렌하우스,147.66,1,0,59850,1980
서울특별시종로구,평창동,삼경하이빌,63.98,4,100,3000,2003
서울특별시종로구,평창동,삼경하이빌,63.98,4,100,3000,2003
서울특별시종로구,평창동,현대,173.09,1,0,75000,1983
서울특별시종로구,평창동,현대,173.09,1,0,90000,1983
서울특별시종로구,평창동,현대,173.09,1,0,90000,1983
서울특별시종로구,평창동,(523-9),191.05,2,0,95000,2000
서울특별시종로구,평창동,(179-10),38.11,2,0,23000,2016
서울특별시종로구,평창동,현대,170.29,3,0,57750,1983
서울특별시종로구,평창동,현대,170.29,3,0,57750,1983
서울특별시종로구,평창동,오보에힐스1단지,271.83,-1,0,220000,2010
서울특별시종로구,평창동,(179-10),34.19,1,25,10000,2016
서울특별시종로구,평창동,럭키평창빌라,73.02,3,40,35000,1986
서울특별시종로구,부암동,한솔아이키움사회임대주택부암,33.78,2,38,10000,2021
서울특별시종로구,부암동,부암그린빌라(가동),50.86,4,0,15000,1994
서울특별시종로구,부암동,윤정빌,53.7,2,0,21000,2006
서울특별시종로구,부암동,국제그린빌,76.34,1,0,30000,2004
서울특별시종로구,부암동,부암빌라(238-5),76.13,1,0,29400,2006
서울특별시종로구,부암동,(148-31),28.22,1,0,14500,1988
서울특별시종로구,부암동,자하문빌라,81.89,2,0,30000,1984
서울특별시종로구,부암동,한솔아이키움사회임대주택부암,33.78,3,0,18960,2021
서울특별시종로구,부암동,한솔아이키움사회임대주택부암,24.92,3,0,14320,2021
서울특별시종로구,부암동,천일그린빌라(1동),59.23,2,0,24000,1987
서울특별시종로구,부암동,한솔아이키움사회임대주택부암,33.8,2,38,10000,2021
서울특별시종로구,부암동,한솔아이키움사회임대주택부암,33.8,1,24,13000,2021
서울특별시종로구,부암동,한솔아이키움사회임대주택부암,33.78,2,38,10000,2021
서울특별시종로구,부암동,한솔아이키움사회임대주택부암,33.8,3,21,14000,2021
서울특별시종로구,홍지동,경진주택(가동),118.95,1,0,42000,1990
서울특별시종로구,신영동,삼성중앙빌라,79.83,2,0,31500,1987
서울특별시종로구,신영동,북악더테라스3단지,84.98,-1,0,52000,2019
서울특별시종로구,신영동,파크힐나동,72.63,4,0,36000,2011
서울특별시종로구,신영동,파크힐나동,77.01,4,0,36000,2011
서울특별시종로구,신영동,썬빌라,26.4,3,45,4000,2001
서울특별시종로구,무악동,성곽해오름빌,27.58,1,50,1000,2012
서울특별시종로구,효자동,단독/다가구,35,0,50,5000,1996
서울특별시종로구,창성동,단독/다가구,25,0,0,20000,1997
서울특별시종로구,창성동,단독/다가구,27,0,0,20000,1997
서울특별시종로구,창성동,단독/다가구,27,0,0,20000,1997
서울특별시종로구,창성동,단독/다가구,27,0,0,20000,1997
서울특별시종로구,창성동,단독/다가구,75.9,0,0,35000,1999
서울특별시종로구,통인동,단독/다가구,40.95,0,0,17000,1994
서울특별시종로구,통인동,단독/다가구,40.95,0,0,20000,1994
서울특별시종로구,누상동,단독/다가구,26.47,0,0,9000,2005
서울특별시종로구,누하동,단독/다가구,15,0,10,900,0000
서울특별시종로구,누하동,단독/다가구,54.94,0,0,21500,1994
서울특별시종로구,옥인동,단독/다가구,79.49,0,34,22000,1988
서울특별시종로구,옥인동,단독/다가구,79.49,0,34,22000,1988
서울특별시종로구,옥인동,단독/다가구,93.8,0,80,40000,2003
서울특별시종로구,체부동,단독/다가구,50.78,0,90,2000,0000
서울특별시종로구,체부동,단독/다가구,46.28,0,130,3000,0000
서울특별시종로구,체부동,단독/다가구,12,0,0,6500,1958
서울특별시종로구,체부동,단독/다가구,25,0,70,1000,1994
서울특별시종로구,체부동,단독/다가구,49.88,0,100,5000,1991
서울특별시종로구,체부동,단독/다가구,30.14,0,60,1000,1993
서울특별시종로구,사직동,단독/다가구,16,0,20,200,1969
서울특별시종로구,사직동,단독/다가구,100,0,0,30000,1965
서울특별시종로구,신문로2가,단독/다가구,40,0,0,7350,1997
서울특별시종로구,운니동,단독/다가구,25.5,0,70,1000,1991
서울특별시종로구,경운동,단독/다가구,17.52,0,43,500,0000
서울특별시종로구,삼청동,단독/다가구,45.3,0,60,1000,1995
서울특별시종로구,삼청동,단독/다가구,85.95,0,0,25000,1981
서울특별시종로구,화동,단독/다가구,64.03,0,0,26000,0000
서울특별시종로구,가회동,단독/다가구,35,0,60,3000,1997
서울특별시종로구,가회동,단독/다가구,35,0,60,3000,1997
서울특별시종로구,가회동,단독/다가구,68,0,4,28350,1997
서울특별시종로구,가회동,단독/다가구,79.3,0,0,30000,0000
서울특별시종로구,계동,단독/다가구,56.94,0,0,22000,1996
서울특별시종로구,계동,단독/다가구,66,0,60,14000,1996
서울특별시종로구,계동,단독/다가구,55,0,0,25000,1995
서울특별시종로구,원서동,단독/다가구,37.82,0,30,10000,2006
서울특별시종로구,원서동,단독/다가구,50,0,35,7000,1995
서울특별시종로구,원남동,단독/다가구,17,0,40,2000,2010
서울특별시종로구,원남동,단독/다가구,10.61,0,69,100,2003
서울특별시종로구,원남동,단독/다가구,13.16,0,60,100,2003
서울특별시종로구,원남동,단독/다가구,10.64,0,58,200,2003
서울특별시종로구,원남동,단독/다가구,13.18,0,69,0,2003
서울특별시종로구,이화동,단독/다가구,22.1,0,55,1000,1995
서울특별시종로구,이화동,단독/다가구,15.59,0,50,1000,0000
서울특별시종로구,이화동,단독/다가구,15.59,0,50,1000,0000
서울특별시종로구,이화동,단독/다가구,35,0,0,16000,1997
서울특별시종로구,이화동,단독/다가구,41.32,0,50,1000,1978
서울특별시종로구,이화동,단독/다가구,30,0,0,14000,1953
서울특별시종로구,이화동,단독/다가구,71.04,0,0,25000,1997
서울특별시종로구,연건동,단독/다가구,26.71,0,60,1000,1994
서울특별시종로구,연건동,단독/다가구,77.67,0,120,5000,1995
서울특별시종로구,연건동,단독/다가구,19.8,0,55,1000,0000
서울특별시종로구,연건동,단독/다가구,15.04,0,40,300,0000
서울특별시종로구,충신동,단독/다가구,53.76,0,45,5000,1993
서울특별시종로구,충신동,단독/다가구,27,0,27,100,0000
서울특별시종로구,충신동,단독/다가구,37.22,0,40,500,1978
서울특별시종로구,충신동,단독/다가구,15,0,43,1000,1996
서울특별시종로구,동숭동,단독/다가구,82.15,0,100,5000,2013
서울특별시종로구,동숭동,단독/다가구,30,0,60,500,1995
서울특별시종로구,동숭동,단독/다가구,33,0,45,4000,1996
서울특별시종로구,동숭동,단독/다가구,59.04,0,0,17000,1997
서울특별시종로구,동숭동,단독/다가구,25,0,90,1000,1995
서울특별시종로구,동숭동,단독/다가구,40,0,0,16000,2013
서울특별시종로구,동숭동,단독/다가구,33,0,0,14000,1996
서울특별시종로구,동숭동,단독/다가구,46.2,0,75,1000,1985
서울특별시종로구,동숭동,단독/다가구,13.47,0,55,1000,0000
서울특별시종로구,동숭동,단독/다가구,31.74,0,65,2000,0000
서울특별시종로구,동숭동,단독/다가구,33,0,0,5000,1996
서울특별시종로구,동숭동,단독/다가구,33,0,60,2000,1991
서울특별시종로구,동숭동,단독/다가구,15,0,50,500,1994
서울특별시종로구,동숭동,단독/다가구,41.85,0,0,14500,1996
서울특별시종로구,동숭동,단독/다가구,15,0,60,500,1995
서울특별시종로구,동숭동,단독/다가구,157.98,0,95,3000,2002
서울특별시종로구,혜화동,단독/다가구,23,0,70,1000,1997
서울특별시종로구,혜화동,단독/다가구,36.48,0,50,1000,1992
서울특별시종로구,혜화동,단독/다가구,40,0,0,31500,2017
서울특별시종로구,혜화동,단독/다가구,15,0,0,11000,1997
서울특별시종로구,혜화동,단독/다가구,15,0,0,11000,1997
서울특별시종로구,혜화동,단독/다가구,28,0,90,2000,1995
서울특별시종로구,혜화동,단독/다가구,23.1,0,55,1000,2004
서울특별시종로구,혜화동,단독/다가구,15,0,45,1000,2009
서울특별시종로구,혜화동,단독/다가구,26.4,0,65,1500,2003
서울특별시종로구,혜화동,단독/다가구,26.4,0,65,1500,2003
서울특별시종로구,혜화동,단독/다가구,222.2,0,38,3000,0000
서울특별시종로구,혜화동,단독/다가구,23.1,0,55,1000,0000
서울특별시종로구,혜화동,단독/다가구,61.44,0,0,25000,1991
서울특별시종로구,혜화동,단독/다가구,19.8,0,50,1000,2004
서울특별시종로구,혜화동,단독/다가구,15,0,0,11000,1997
서울특별시종로구,혜화동,단독/다가구,31.7,0,50,2000,1996
서울특별시종로구,혜화동,단독/다가구,18,0,50,1000,1996
서울특별시종로구,혜화동,단독/다가구,48.64,0,40,7000,2002
서울특별시종로구,혜화동,단독/다가구,61,0,0,30000,2017
서울특별시종로구,혜화동,단독/다가구,21.45,0,40,3000,1997
서울특별시종로구,혜화동,단독/다가구,19.8,0,50,1000,2004
서울특별시종로구,혜화동,단독/다가구,40,0,0,25000,2005
서울특별시종로구,명륜1가,단독/다가구,23.86,0,10,13000,2002
서울특별시종로구,명륜1가,단독/다가구,15,0,40,500,2012
서울특별시종로구,명륜1가,단독/다가구,21,0,50,1000,2004
서울특별시종로구,명륜1가,단독/다가구,15,0,50,500,1996
서울특별시종로구,명륜1가,단독/다가구,20,0,70,1000,1992
서울특별시종로구,명륜1가,단독/다가구,15,0,63,1000,1996
서울특별시종로구,명륜1가,단독/다가구,25,0,90,5000,1992
서울특별시종로구,명륜1가,단독/다가구,11.55,0,50,1000,1997
서울특별시종로구,명륜1가,단독/다가구,18,0,30,5000,0000
서울특별시종로구,명륜1가,단독/다가구,30,0,70,500,1991
서울특별시종로구,명륜1가,단독/다가구,30,0,70,500,1991
서울특별시종로구,명륜1가,단독/다가구,70.23,0,60,10000,1992
서울특별시종로구,명륜1가,단독/다가구,70.23,0,60,10000,1992
서울특별시종로구,명륜1가,단독/다가구,20,0,60,500,1994
서울특별시종로구,명륜1가,단독/다가구,36.36,0,80,1000,1991
서울특별시종로구,명륜1가,단독/다가구,20,0,50,1000,1992
서울특별시종로구,명륜1가,단독/다가구,19,0,50,1000,1992
서울특별시종로구,명륜1가,단독/다가구,16.5,0,40,1000,2010
서울특별시종로구,명륜1가,단독/다가구,24,0,50,500,2001
서울특별시종로구,명륜1가,단독/다가구,43,0,0,14000,1994
서울특별시종로구,명륜1가,단독/다가구,15,0,50,500,1956
서울특별시종로구,명륜1가,단독/다가구,15,0,40,1000,2010
서울특별시종로구,명륜1가,단독/다가구,30.25,0,0,10000,1992
서울특별시종로구,명륜1가,단독/다가구,30.25,0,0,10000,1992
서울특별시종로구,명륜1가,단독/다가구,20.85,0,35,1000,1994
서울특별시종로구,명륜1가,단독/다가구,20,0,40,500,1996
서울특별시종로구,명륜1가,단독/다가구,17,0,45,1000,1990
서울특별시종로구,명륜1가,단독/다가구,17,0,45,1000,1990
서울특별시종로구,명륜1가,단독/다가구,134.47,0,0,75000,0000
서울특별시종로구,명륜1가,단독/다가구,15,0,42,500,2010
서울특별시종로구,명륜1가,단독/다가구,15,0,43,1000,1971
서울특별시종로구,명륜1가,단독/다가구,35.13,0,45,3000,2006
서울특별시종로구,명륜1가,단독/다가구,44.45,0,0,24000,1992
서울특별시종로구,명륜1가,단독/다가구,20,0,75,500,1992
서울특별시종로구,명륜1가,단독/다가구,19,0,48,1000,1992
서울특별시종로구,명륜1가,단독/다가구,20.59,0,40,500,0000
서울특별시종로구,명륜1가,단독/다가구,56.89,0,40,6000,2003
서울특별시종로구,명륜1가,단독/다가구,44.45,0,0,24000,1992
서울특별시종로구,명륜1가,단독/다가구,52,0,50,3000,1993
서울특별시종로구,명륜1가,단독/다가구,26.4,0,55,1000,2002
서울특별시종로구,명륜2가,단독/다가구,15,0,40,500,1991
서울특별시종로구,명륜2가,단독/다가구,24.5,0,100,2000,2019
서울특별시종로구,명륜2가,단독/다가구,15,0,45,500,1996
서울특별시종로구,명륜2가,단독/다가구,20,0,50,1000,2006
서울특별시종로구,명륜2가,단독/다가구,20,0,60,2000,1996
서울특별시종로구,명륜2가,단독/다가구,63.64,0,115,2000,1993
서울특별시종로구,명륜2가,단독/다가구,19.22,0,41,250,1985
서울특별시종로구,명륜2가,단독/다가구,27,0,50,500,2004
서울특별시종로구,명륜2가,단독/다가구,15,0,37,500,2009
서울특별시종로구,명륜2가,단독/다가구,15,0,35,1000,2009
서울특별시종로구,명륜2가,단독/다가구,24,0,50,500,1996
서울특별시종로구,명륜2가,단독/다가구,20,0,35,500,1985
서울특별시종로구,명륜2가,단독/다가구,26,0,48,1000,1996
서울특별시종로구,명륜2가,단독/다가구,20,0,47,1000,2010
서울특별시종로구,명륜2가,단독/다가구,21,0,45,3000,1993
서울특별시종로구,명륜2가,단독/다가구,19,0,23,3000,1996
서울특별시종로구,명륜2가,단독/다가구,21.11,0,52,1000,2001
서울특별시종로구,명륜4가,단독/다가구,20,0,43,500,1995
서울특별시종로구,명륜4가,단독/다가구,69.45,0,120,600,2001
서울특별시종로구,명륜4가,단독/다가구,15,0,45,500,2016
서울특별시종로구,명륜3가,단독/다가구,15,0,50,500,1995
서울특별시종로구,명륜3가,단독/다가구,18,0,0,8000,0000
서울특별시종로구,명륜3가,단독/다가구,18,0,0,8000,2014
서울특별시종로구,명륜3가,단독/다가구,18,0,45,1000,1977
서울특별시종로구,명륜3가,단독/다가구,20,0,80,500,1996
서울특별시종로구,명륜3가,단독/다가구,20.22,0,20,3000,2001
서울특별시종로구,명륜3가,단독/다가구,38,0,30,12000,0000
서울특별시종로구,명륜3가,단독/다가구,24,0,0,8000,1996
서울특별시종로구,명륜3가,단독/다가구,25,0,57,1000,0000
서울특별시종로구,명륜3가,단독/다가구,14.85,0,50,500,1993
서울특별시종로구,명륜3가,단독/다가구,15,0,50,500,2017
서울특별시종로구,명륜3가,단독/다가구,29.23,0,15,12000,1995
서울특별시종로구,명륜3가,단독/다가구,15,0,50,500,1995
서울특별시종로구,명륜3가,단독/다가구,40,0,60,500,1995
서울특별시종로구,명륜3가,단독/다가구,18.55,0,40,500,1997
서울특별시종로구,명륜3가,단독/다가구,15,0,35,3000,0000
서울특별시종로구,명륜3가,단독/다가구,18,0,47,500,1985
서울특별시종로구,명륜3가,단독/다가구,16.5,0,50,200,1996
서울특별시종로구,명륜3가,단독/다가구,20,0,45,500,2002
서울특별시종로구,명륜3가,단독/다가구,15,0,50,500,1993
서울특별시종로구,명륜3가,단독/다가구,18.15,0,55,1000,2014
서울특별시종로구,명륜3가,단독/다가구,21,0,70,2000,1977
서울특별시종로구,명륜3가,단독/다가구,16,0,50,500,2005
서울특별시종로구,명륜3가,단독/다가구,15,0,40,500,1996
서울특별시종로구,명륜3가,단독/다가구,15,0,45,500,1976
서울특별시종로구,명륜3가,단독/다가구,18,0,40,300,1996
서울특별시종로구,명륜3가,단독/다가구,15,0,0,3000,2002
서울특별시종로구,명륜3가,단독/다가구,15,0,50,500,1993
서울특별시종로구,명륜3가,단독/다가구,24.46,0,60,500,0000
서울특별시종로구,명륜3가,단독/다가구,15,0,45,1000,1998
서울특별시종로구,명륜3가,단독/다가구,54,0,110,1000,1996
서울특별시종로구,명륜3가,단독/다가구,15,0,35,4000,1998
서울특별시종로구,명륜3가,단독/다가구,14.48,0,50,500,1964
서울특별시종로구,명륜3가,단독/다가구,17,0,0,6500,2010
서울특별시종로구,명륜3가,단독/다가구,20,0,45,500,2002
서울특별시종로구,명륜3가,단독/다가구,21,0,35,1000,2011
서울특별시종로구,명륜3가,단독/다가구,34,0,0,10000,1977
서울특별시종로구,명륜3가,단독/다가구,15,0,40,1000,2006
서울특별시종로구,명륜3가,단독/다가구,15,0,45,500,1976
서울특별시종로구,명륜3가,단독/다가구,21,0,35,1000,2011
서울특별시종로구,명륜3가,단독/다가구,18,0,40,200,1990
서울특별시종로구,명륜3가,단독/다가구,17,0,0,10000,1997
서울특별시종로구,명륜3가,단독/다가구,15,0,45,500,0000
서울특별시종로구,명륜3가,단독/다가구,17,0,48,500,0000
서울특별시종로구,명륜3가,단독/다가구,15,0,40,500,0000
서울특별시종로구,명륜3가,단독/다가구,17,0,40,2000,1977
서울특별시종로구,명륜3가,단독/다가구,19,0,50,1000,2003
서울특별시종로구,명륜3가,단독/다가구,28,0,0,7000,0000
서울특별시종로구,명륜3가,단독/다가구,20.5,0,50,1000,1996
서울특별시종로구,명륜3가,단독/다가구,20,0,0,14000,1976
서울특별시종로구,명륜3가,단독/다가구,52.89,0,10,24000,0000
서울특별시종로구,명륜3가,단독/다가구,15,0,0,8000,2014
서울특별시종로구,명륜3가,단독/다가구,15,0,55,1000,2018
서울특별시종로구,명륜3가,단독/다가구,16.5,0,38,500,1988
서울특별시종로구,명륜3가,단독/다가구,20.88,0,0,18000,1976
서울특별시종로구,명륜3가,단독/다가구,40.38,0,60,500,1993
서울특별시종로구,명륜3가,단독/다가구,53.28,0,0,22000,1990
서울특별시종로구,명륜3가,단독/다가구,18,0,35,500,1958
서울특별시종로구,창신동,단독/다가구,11.64,0,0,4000,1997
서울특별시종로구,창신동,단독/다가구,23,0,50,500,1959
서울특별시종로구,창신동,단독/다가구,23.07,0,37,500,0000
서울특별시종로구,창신동,단독/다가구,62.1,0,0,12000,1984
서울특별시종로구,창신동,단독/다가구,22.1,0,45,2000,1933
서울특별시종로구,창신동,단독/다가구,30.51,0,0,10000,1981
서울특별시종로구,창신동,단독/다가구,41.55,0,50,2000,1974
서울특별시종로구,창신동,단독/다가구,66.5,0,0,13500,1986
서울특별시종로구,창신동,단독/다가구,31.89,0,50,2000,1992
서울특별시종로구,창신동,단독/다가구,42.03,0,80,3000,2001
서울특별시종로구,창신동,단독/다가구,14.87,0,40,300,0000
서울특별시종로구,창신동,단독/다가구,16.5,0,43,500,2006
서울특별시종로구,창신동,단독/다가구,52.4,0,65,7000,1975
서울특별시종로구,창신동,단독/다가구,42.94,0,65,1000,1936
서울특별시종로구,창신동,단독/다가구,45,0,0,16000,1974
서울특별시종로구,창신동,단독/다가구,33.59,0,0,9000,1990
서울특별시종로구,창신동,단독/다가구,30,0,40,300,1969
서울특별시종로구,창신동,단독/다가구,29.61,0,40,2500,1988
서울특별시종로구,창신동,단독/다가구,30,0,0,9000,1969
서울특별시종로구,창신동,단독/다가구,23.86,0,50,500,1994
서울특별시종로구,창신동,단독/다가구,30.84,0,0,13000,1975
서울특별시종로구,창신동,단독/다가구,49.7,0,65,300,1985
서울특별시종로구,창신동,단독/다가구,33,0,0,15000,1974
서울특별시종로구,창신동,단독/다가구,41.58,0,50,4000,0000
서울특별시종로구,창신동,단독/다가구,33,0,40,500,1993
서울특별시종로구,창신동,단독/다가구,29.52,0,0,7000,0000
서울특별시종로구,창신동,단독/다가구,35.73,0,50,1000,2006
서울특별시종로구,창신동,단독/다가구,52.43,0,0,9500,1981
서울특별시종로구,창신동,단독/다가구,42.03,0,15,13000,2001
서울특별시종로구,창신동,단독/다가구,39,0,45,500,1994
서울특별시종로구,숭인동,단독/다가구,51.66,0,0,9000,0000
서울특별시종로구,숭인동,단독/다가구,51.66,0,0,9000,1995
서울특별시종로구,숭인동,단독/다가구,32.18,0,50,1000,1958
서울특별시종로구,숭인동,단독/다가구,32.18,0,25,500,1958
서울특별시종로구,숭인동,단독/다가구,41.63,0,0,10000,1989
서울특별시종로구,숭인동,단독/다가구,34.71,0,0,11000,1989
서울특별시종로구,숭인동,단독/다가구,41.63,0,0,10000,1989
서울특별시종로구,숭인동,단독/다가구,36.17,0,45,1000,1993
서울특별시종로구,숭인동,단독/다가구,36.17,0,45,1000,1993
서울특별시종로구,숭인동,단독/다가구,69.69,0,80,2000,1971
서울특별시종로구,숭인동,단독/다가구,63.99,0,90,3000,1993
서울특별시종로구,숭인동,단독/다가구,51.66,0,40,3000,1995
서울특별시종로구,숭인동,단독/다가구,39.18,0,70,1000,1991
서울특별시종로구,숭인동,단독/다가구,56.35,0,25,20000,1997
서울특별시종로구,숭인동,단독/다가구,33,0,0,17000,0000
서울특별시종로구,숭인동,단독/다가구,16.5,0,35,500,1942
서울특별시종로구,숭인동,단독/다가구,33.6,0,55,500,1940
서울특별시종로구,숭인동,단독/다가구,33.75,0,45,1000,1993
서울특별시종로구,숭인동,단독/다가구,41,0,40,450,1992
서울특별시종로구,숭인동,단독/다가구,16.5,0,23,500,1986
서울특별시종로구,숭인동,단독/다가구,66.01,0,67,1000,1991
서울특별시종로구,행촌동,단독/다가구,63.63,0,0,13000,1993
서울특별시종로구,행촌동,단독/다가구,63.63,0,0,13000,1993
서울특별시종로구,행촌동,단독/다가구,42.6,0,35,3000,1995
서울특별시종로구,행촌동,단독/다가구,25,0,35,500,1994
서울특별시종로구,행촌동,단독/다가구,28.27,0,5,6000,1993
서울특별시종로구,행촌동,단독/다가구,17.59,0,45,1000,1962
서울특별시종로구,구기동,단독/다가구,73.8,0,30,30000,1998
서울특별시종로구,평창동,단독/다가구,68.66,0,90,2000,1969
서울특별시종로구,평창동,단독/다가구,41.08,0,40,1000,1994
서울특별시종로구,평창동,단독/다가구,30,0,0,7000,1996
서울특별시종로구,평창동,단독/다가구,66.48,0,0,22000,0000
서울특별시종로구,평창동,단독/다가구,29.75,0,0,5800,2000
서울특별시종로구,부암동,단독/다가구,23.14,0,40,1000,1998
서울특별시종로구,부암동,단독/다가구,48.89,0,44,16000,2018
서울특별시종로구,부암동,단독/다가구,61.67,0,100,10000,2002
서울특별시종로구,부암동,단독/다가구,42.78,0,130,3000,1966
서울특별시종로구,부암동,단독/다가구,133,0,0,45000,2017
서울특별시종로구,홍지동,단독/다가구,36.55,0,40,8000,2003
서울특별시종로구,홍지동,단독/다가구,28.7,0,0,8000,2001
서울특별시종로구,홍지동,단독/다가구,28.7,0,20,6000,2001
서울특별시종로구,홍지동,단독/다가구,56.1,0,70,10000,1992
서울특별시종로구,홍지동,단독/다가구,20,0,40,1000,2008
서울특별시종로구,신영동,단독/다가구,24,0,50,500,2004
서울특별시종로구,신영동,단독/다가구,24,0,50,500,2004
서울특별시종로구,신영동,단독/다가구,15,0,45,1000,1979
서울특별시종로구,신영동,단독/다가구,24,0,45,1000,2004
서울특별시종로구,신영동,단독/다가구,15,0,40,1000,1979
서울특별시종로구,신교동,임강빌라,40.68,2,65,2000,1997
서울특별시종로구,효자동,(50-10),55.31,-1,0,18000,1997
서울특별시종로구,누상동,루미빌,79.29,4,90,10000,2003
서울특별시종로구,누상동,누상그린빌라,51.66,1,17,9000,1997
서울특별시종로구,누상동,코디골드빌105동,59.8,3,75,10000,2002
서울특별시종로구,누상동,(113-1),84.92,3,0,35700,2002
서울특별시종로구,누상동,은행골드빌2차,59.97,4,0,27500,2003
서울특별시종로구,옥인동,옥인,59.23,2,0,19900,1980
서울특별시종로구,옥인동,옥인하우스,45.93,3,0,25200,1998
서울특별시종로구,체부동,진선미빌라,74.31,5,0,48000,2005
서울특별시종로구,체부동,청마빌라,73.84,1,0,45000,2001
서울특별시종로구,필운동,(97-0),19.18,4,50,5000,2003
서울특별시종로구,사직동,(262-140),79.96,2,45,500,1980
서울특별시종로구,사직동,(287-0),36.71,3,0,15000,2001
서울특별시종로구,사직동,EINSVIEW(294-1),49.96,5,42,1000,2006
서울특별시종로구,가회동,안국메트로벨,30.32,3,60,1000,1998
서울특별시종로구,계동,계동빌라,31.57,-1,55,1000,1997
서울특별시종로구,계동,(60-0),63,3,0,29400,1996
서울특별시종로구,원서동,(86-24),59.52,1,0,21000,1998
서울특별시종로구,원서동,(86-24),59.52,1,0,21000,1998
서울특별시종로구,원서동,(86-26),54.72,2,0,25000,1999
서울특별시종로구,원서동,(4-40),14.55,1,0,11000,1997
서울특별시종로구,관수동,하이뷰디아트,14.85,13,100,300,2020
서울특별시종로구,연지동,주함해븐타워(1동),17.14,6,13,3990,2019
서울특별시종로구,이화동,오이빌라,80.34,1,40,27000,1994
서울특별시종로구,연건동,(43-3),25.4,3,50,3000,2000
서울특별시종로구,연건동,(102-1),39.15,3,70,1000,1995
서울특별시종로구,연건동,(123-1),47.81,2,80,5000,1994
서울특별시종로구,연건동,청담주택(93-1),50.56,1,20,4000,1997
서울특별시종로구,연건동,(56-0),46.2,-1,40,4000,1997
서울특별시종로구,연건동,(81-1),36.8,4,0,14000,1995
서울특별시종로구,연건동,(43-1),38.12,2,53,4000,2000
서울특별시종로구,연건동,청담주택(93-1),50.56,4,0,12600,1997
서울특별시종로구,연건동,(45-7),24.24,4,0,6000,2000
서울특별시종로구,연건동,(271-15),19.53,4,45,1000,2012
서울특별시종로구,동숭동,(2-3),77.08,2,0,22050,1988
서울특별시종로구,동숭동,(199-14),75.12,2,0,35000,1994
서울특별시종로구,동숭동,(4-101),24.57,3,45,1000,1996
서울특별시종로구,동숭동,(199-20),23.79,4,55,3000,2001
서울특별시종로구,동숭동,스카이빌라,93.72,1,0,3000,1980
서울특별시종로구,혜화동,행운의집,47.69,1,0,30000,2016
서울특별시종로구,혜화동,행운의집,35.26,2,0,27000,2016
서울특별시종로구,명륜1가,(36-16),16.57,4,55,1000,2009
서울특별시종로구,명륜1가,(36-16),14.63,3,55,1000,2009
서울특별시종로구,명륜1가,(36-16),13.7,2,55,1000,2009
서울특별시종로구,명륜1가,(36-16),13.7,4,55,1000,2009
서울특별시종로구,명륜1가,(36-16),16.57,3,55,1000,2009
서울특별시종로구,명륜1가,(36-16),14.63,4,55,1000,2009
서울특별시종로구,명륜1가,(36-16),16.57,5,50,2000,2009
서울특별시종로구,명륜1가,르느와르팰리스,67.86,6,0,59900,1997
서울특별시종로구,명륜2가,아마레스7,54.74,5,0,37000,2012
서울특별시종로구,명륜4가,문영빌라,57.08,2,0,31972,2018
서울특별시종로구,명륜4가,(206-17),36.66,2,0,22000,2002
서울특별시종로구,명륜4가,(206-17),33.71,4,0,22000,2002
서울특별시종로구,명륜3가,(1-265),19.08,4,20,5000,2005
서울특별시종로구,명륜3가,(1-160),19.84,1,0,6500,2003
서울특별시종로구,창신동,대아빌라B동,47.95,1,0,13000,1999
서울특별시종로구,창신동,대아빌라B동,47.95,1,0,13000,1999
서울특별시종로구,창신동,성준빌라6차,36.33,4,0,7000,2000
서울특별시종로구,창신동,라비앙종로,47.95,5,0,32000,2019
서울특별시종로구,창신동,동남레저타운나동,55.32,2,0,18900,1994
서울특별시종로구,창신동,리베르떼종로,37.22,5,0,31500,2019
서울특별시종로구,창신동,(629-49),22.05,4,0,6800,1998
서울특별시종로구,창신동,동남레저타운나동,48.35,3,0,20000,1994
서울특별시종로구,창신동,동남레저타운나동,48.35,3,0,20000,1994
서울특별시종로구,창신동,제이타워,14.19,4,0,23500,2021
서울특별시종로구,창신동,제이타워,16.56,4,0,25000,2021
서울특별시종로구,창신동,(638-22),56.09,3,0,25000,1995
서울특별시종로구,창신동,종로웰라이프,19.81,7,0,21000,2020
서울특별시종로구,숭인동,중앙빌라,25.93,1,0,15000,2005
서울특별시종로구,숭인동,중앙빌라,25.93,1,0,15000,2005
서울특별시종로구,숭인동,도로시House,48.58,3,0,30000,2016
서울특별시종로구,숭인동,아이캐슬,37.82,3,0,17000,2006
서울특별시종로구,숭인동,아이캐슬,37.88,4,0,12000,2006
서울특별시종로구,숭인동,(720-0),48.82,2,60,1000,2003
서울특별시종로구,숭인동,한울스페이스Ⅶ,33.41,4,0,17500,2015
서울특별시종로구,숭인동,세영아트빌,23.1,2,30,300,2002
서울특별시종로구,숭인동,세영아트빌,43.4,1,0,18000,2002
서울특별시종로구,숭인동,세영아트빌,43.4,1,0,18000,2002
서울특별시종로구,행촌동,(210-210),26.14,2,20,5000,1995
서울특별시종로구,행촌동,(210-445),50.47,2,0,15000,1994
서울특별시종로구,행촌동,(210-354),51.59,1,60,2000,1996
서울특별시종로구,행촌동,(210-354),51.59,1,60,2000,1996
서울특별시종로구,행촌동,(210-227),32.12,3,50,1000,1995
서울특별시종로구,행촌동,옥영주택,54.37,2,0,30000,1999
서울특별시종로구,행촌동,(171-29),56.3,3,50,7000,2000
서울특별시종로구,행촌동,(1-3),45.7,-1,50,10000,1999
서울특별시종로구,행촌동,대성빌라,50.27,2,0,20000,2000
서울특별시종로구,행촌동,(210-500),30.68,2,40,2000,1999
서울특별시종로구,행촌동,(171-106),19.56,2,0,9000,2000
서울특별시종로구,행촌동,(171-106),19.56,2,5,8200,2000
서울특별시종로구,행촌동,(210-135),41.37,3,50,2000,1995
서울특별시종로구,행촌동,(210-354),51.59,3,60,1000,1996
서울특별시종로구,구기동,동익빌라,84.84,1,0,32000,1996
서울특별시종로구,구기동,대승자연드림,63.51,3,135,5000,2020
서울특별시종로구,구기동,동익빌라,84.84,2,0,37500,1996
서울특별시종로구,구기동,청구빌라,84.72,3,0,32500,1997
서울특별시종로구,구기동,청구빌라,84.72,3,0,33600,1997
서울특별시종로구,구기동,청구빌라,84.72,2,0,36700,1997
서울특별시종로구,구기동,상신맨션,76.63,2,0,25000,1982
서울특별시종로구,구기동,우연재,28.98,3,65,1000,2002
서울특별시종로구,구기동,우연재,28.98,3,65,1000,2002
서울특별시종로구,구기동,건덕빌라(5-7동),170.35,3,120,80000,1990
서울특별시종로구,구기동,현대구기빌라,84.18,3,27,23000,1986
서울특별시종로구,구기동,쌍용더플래티넘종로구기동,82.2243,2,90,60000,2021
서울특별시종로구,구기동,동익빌라,84.84,2,0,37000,1996
서울특별시종로구,구기동,쌍용더플래티넘종로구기동,82.2243,2,90,60000,2021
서울특별시종로구,평창동,송원빌라트B(181-0),37.07,3,70,2000,1998
서울특별시종로구,평창동,(200-3),29.53,3,0,15000,2017
서울특별시종로구,평창동,예그린,46.68,4,10,10000,2001
서울특별시종로구,평창동,건우빌라A동,53.64,2,45,10000,1996
서울특별시종로구,평창동,평창현대주택,215.01,1,160,10000,1991
서울특별시종로구,평창동,건우빌라B동,31.1,-1,35,1000,1996
서울특별시종로구,평창동,현대,170.28,1,0,52000,1983
서울특별시종로구,평창동,금강주택,84.95,3,0,36750,1992
서울특별시종로구,부암동,한솔아이키움사회임대주택부암,24.92,2,27,8000,2021
서울특별시종로구,부암동,하이스트빌,77.305,3,180,3000,2002
서울특별시종로구,부암동,부암그린빌라(가동),56.47,4,46,15000,1994
서울특별시종로구,부암동,금이빌,38.5,3,0,20000,2007
서울특별시종로구,부암동,자하문한숲빌라,82.92,2,0,40000,2002
서울특별시종로구,홍지동,정암,22.42,1,50,5500,2005
서울특별시종로구,신영동,신영빌라,104.05,3,0,28350,1983
서울특별시종로구,신영동,북악더테라스6단지,84.95,2,150,5000,2019
서울특별시종로구,신영동,완성주택,38.88,1,0,19000,1989
서울특별시종로구,신영동,청암빌라,64.5,1,60,0,1978
서울특별시종로구,신영동,현대빌리지,81.79,4,0,40000,1995
서울특별시종로구,신영동,현대빌리지,81.79,4,0,40000,1995
서울특별시종로구,신영동,삼성중앙빌라,79.83,1,110,3000,1987
서울특별시종로구,신영동,경동빌라,79.17,3,60,10000,1987
서울특별시종로구,신영동,북악빌라,81,1,0,35000,1984
서울특별시종로구,신영동,완성주택,44.46,1,0,18000,1989
서울특별시종로구,신영동,(117-1),42.23,2,60,1000,1997
서울특별시종로구,신영동,삼성중앙빌라,79.56,2,0,45000,1987
서울특별시종로구,신영동,북악빌라,84.24,3,20,19000,1984
서울특별시종로구,무악동,진양빌라B동,60.36,2,60,2000,1991
